,unique_id,metric,Original,OnlineFixed,Online,OfflineMax,SeasonalNaive
0,ID1,mase,0.5102695,0.26460823,0.30954158,0.24449396,1.3309436
1,ID10,mase,1.2484013,1.2044598,1.2890502,1.514462,2.1313908
2,ID100,mase,0.49953413,0.46172613,0.45064744,0.49780956,0.6221448
3,ID101,mase,0.71198714,0.8104355,0.75777847,1.4471992,0.89518845
4,ID102,mase,0.8211915,1.003977,1.0841722,1.481633,1.1054027
5,ID103,mase,0.6465978,0.5901563,0.6164387,0.7714542,0.7836867
6,ID104,mase,1.062197,0.83916426,0.97854257,1.2340107,1.0984397
7,ID105,mase,1.0218539,0.7961,0.9210237,1.1612428,0.99127084
8,ID106,mase,0.35378042,0.34156904,0.33829126,0.77410793,0.4424203
9,ID107,mase,0.94707084,0.9044592,0.9798344,1.0718637,1.1263956
10,ID109,mase,1.1178018,1.1574084,1.1796913,1.1065258,1.3157855
11,ID11,mase,0.905974,0.9101102,0.77120644,0.9103703,1.0275849
12,ID110,mase,1.4906658,0.95426667,1.2860224,0.796506,1.0465004
13,ID111,mase,2.633344,2.2737846,2.4168885,2.148669,3.4543633
14,ID112,mase,0.6567302,0.7690353,0.8761966,0.9531354,1.8122567
15,ID113,mase,0.55164593,0.5960929,0.7255942,0.7698785,1.6487256
16,ID114,mase,0.79941314,0.8077389,0.8557406,0.935347,2.682198
17,ID115,mase,0.30290276,0.22385381,0.29977793,0.26716226,0.6967881
18,ID116,mase,0.8132112,0.7625264,0.7886094,0.9699176,0.56888604
19,ID117,mase,1.3355416,1.0966501,1.2549063,1.6401366,1.1275458
20,ID118,mase,0.7958085,0.5378607,0.9865987,0.63873273,3.9492388
21,ID119,mase,0.5379928,0.59720576,0.7404967,0.86221564,2.0553684
22,ID12,mase,0.9525654,0.9485147,0.96490204,0.8833932,0.9054125
23,ID120,mase,0.24149546,0.2610468,0.27038997,0.42055708,0.32082865
24,ID121,mase,0.4368314,0.3700239,0.43852013,0.54247946,1.612157
25,ID122,mase,0.39268732,0.52963,0.49741104,0.8397322,0.72865075
26,ID123,mase,0.4368314,0.3700239,0.43852013,0.54247946,1.612157
27,ID124,mase,0.32954478,0.3693969,0.36055768,0.49037707,2.326119
28,ID125,mase,0.80081606,0.8740996,0.937082,1.0402136,0.9395154
29,ID126,mase,0.38885722,0.22198442,0.24724475,0.50225973,0.69265115
30,ID127,mase,0.6155248,0.6587949,0.7227398,0.8116168,0.69674885
31,ID128,mase,0.39478064,0.40743884,0.42889568,0.48903286,1.115829
32,ID129,mase,0.39707103,0.4161815,0.4823527,0.3781689,0.47546273
33,ID13,mase,3.7994027,3.3363333,3.4847867,3.1339524,2.4192407
34,ID130,mase,0.47729495,0.6356418,0.55618715,0.6756603,1.0970273
35,ID131,mase,0.7586423,0.9145771,0.8741655,0.9985917,1.8247001
36,ID135,mase,1.2375866,0.67429894,1.3379076,2.145829,3.0528395
37,ID136,mase,0.77424634,0.80045736,0.5965754,1.2372828,0.9531713
38,ID137,mase,1.665229,1.6557671,1.626962,1.4408416,0.60115093
39,ID138,mase,0.62501293,0.63442004,0.73557746,1.0641419,1.3264941
40,ID139,mase,0.57520753,0.55473876,0.5521576,0.5657482,0.88450754
41,ID14,mase,2.2355309,1.9474618,1.9627761,1.6430181,3.4552643
42,ID140,mase,2.252359,1.7875692,1.7022514,1.5836804,1.5312324
43,ID141,mase,0.65224725,0.7354597,0.8785555,0.8404722,1.2757688
44,ID142,mase,0.68394715,0.56428933,0.4924646,0.55396503,0.69485575
45,ID143,mase,1.3326856,1.1463487,1.2425607,0.7043855,1.1728123
46,ID144,mase,0.95860434,0.5709866,0.8847419,1.5792419,2.8657637
47,ID145,mase,1.461091,1.5986981,1.6480434,1.8302757,1.3393744
48,ID146,mase,0.94018507,0.88670623,0.8261778,0.8794067,1.3084279
49,ID148,mase,0.49131864,0.68642455,0.53387,0.60067934,1.3203704
50,ID149,mase,0.7258455,0.8136506,0.838527,0.97002697,1.5996094
51,ID15,mase,0.358695,0.34302706,0.3626793,0.36944404,0.6028308
52,ID150,mase,0.7168032,0.54364747,0.5827063,0.4253186,0.83690864
53,ID151,mase,1.3161904,1.2154531,1.3148477,1.346882,1.1294643
54,ID152,mase,0.703693,1.0337995,0.97561353,1.42626,0.8533367
55,ID153,mase,0.8669279,0.7407213,0.7984988,0.6525542,0.9006949
56,ID154,mase,0.1431685,0.32568213,0.17256571,0.5132407,1.3824303
57,ID155,mase,0.20582792,0.18153544,0.18741167,0.1944169,0.46743193
58,ID156,mase,0.84300405,1.1497703,0.8873751,1.2465103,1.9656224
59,ID157,mase,0.6363071,0.4728343,0.4119321,0.3088818,1.4077095
60,ID158,mase,0.3650161,0.45979205,0.39897484,0.5067957,1.3308413
61,ID159,mase,1.1106511,0.90819657,0.96541584,0.8385365,0.52017
62,ID16,mase,0.7420439,0.82740873,1.0000064,0.91214323,0.8226528
63,ID160,mase,0.7846635,1.2283939,1.0696256,1.5464311,1.7099007
64,ID161,mase,0.916686,0.8781678,0.96266735,0.842143,1.1637948
65,ID162,mase,0.5300963,0.46766615,0.50126207,0.44738516,0.967989
66,ID163,mase,1.2916708,1.5595896,1.6212499,1.5564421,1.0950634
67,ID164,mase,1.2727362,1.086654,1.2417578,1.2657442,1.2852246
68,ID166,mase,0.81363934,0.628523,0.5606003,0.53553116,0.8550217
69,ID17,mase,0.69128317,0.6226239,0.6538096,0.5451016,0.81046563
70,ID170,mase,0.7446431,0.7265908,0.7267938,0.8838213,0.85717124
71,ID171,mase,0.5887939,0.5431005,0.6048966,0.63592297,0.6593079
72,ID173,mase,0.41860396,0.43854094,0.48337525,0.53829104,0.7216893
73,ID174,mase,0.87071073,0.7231321,0.7591535,0.9197814,0.80446875
74,ID175,mase,0.3878716,0.31197834,0.32086378,0.26045305,0.4194902
75,ID176,mase,0.3626903,0.3055659,0.2981634,0.25147253,0.402515
76,ID177,mase,0.90017915,0.8167213,0.7434246,0.655157,1.1875
77,ID178,mase,1.0316195,0.90911674,0.8892425,0.8004106,1.231003
78,ID179,mase,1.1944914,0.8281915,1.028187,0.8636566,0.59108186
79,ID18,mase,0.93050164,0.8112965,0.7049925,1.3135833,0.57224244
80,ID180,mase,2.7090614,1.4032404,1.9611633,1.4904512,1.6584953
81,ID181,mase,1.1187272,1.1348286,1.2143815,1.2545391,1.4002092
82,ID182,mase,0.6614999,0.67145896,0.7785191,1.1262537,1.4039319
83,ID183,mase,1.9444071,1.9044479,2.1165888,2.085513,1.2428038
84,ID184,mase,0.5832684,0.59855324,0.51603997,0.72826284,1.1432112
85,ID185,mase,1.7101566,2.3381815,2.2732677,2.4500313,1.3355491
86,ID186,mase,0.6732415,0.58310807,0.6863419,0.745948,1.0019947
87,ID187,mase,0.49542817,0.33804482,0.36727518,0.39945373,0.4592391
88,ID188,mase,0.7479627,1.0069938,0.9615242,1.4159147,0.6239772
89,ID189,mase,0.587148,0.61986136,0.7096622,1.1546248,0.34181756
90,ID19,mase,1.2933683,1.4194218,1.0857457,2.0691743,0.821764
91,ID190,mase,1.9661595,1.7882687,1.8087918,1.0004458,1.0136229
92,ID191,mase,0.27641723,0.28704104,0.1821264,0.38964558,0.49678412
93,ID192,mase,0.63223207,0.78734136,0.7799158,2.063967,0.8085548
94,ID193,mase,0.80378366,0.8529046,0.91359097,0.8097476,1.1993037
95,ID194,mase,0.6823769,0.8776662,0.97822154,1.7696018,1.325091
96,ID195,mase,1.4033607,1.6999819,1.4614376,1.7098192,2.3057368
97,ID196,mase,0.62238866,0.43172938,0.48631892,0.55740076,1.0120769
98,ID197,mase,1.5486789,1.5390296,1.5808977,1.870319,2.8499756
99,ID198,mase,1.3430934,1.4059062,1.3890402,1.3954948,1.6102061
100,ID199,mase,0.8300687,0.8057114,0.868182,0.8897729,0.98944926
101,ID2,mase,1.1022897,1.3497944,1.171123,1.5364584,0.981118
102,ID20,mase,1.4475368,1.53915,1.3712041,3.114189,0.8096639
103,ID200,mase,0.67236817,0.8180846,1.0825,1.7331151,1.4457788
104,ID201,mase,1.5126603,1.6586888,1.5999577,1.6481763,1.9026387
105,ID203,mase,1.1158898,1.1277121,0.77095276,1.3737152,0.8836348
106,ID204,mase,1.6375505,1.685522,1.551245,1.7642627,1.4893458
107,ID205,mase,0.570124,0.6454321,0.5123787,0.9094338,0.78033537
108,ID206,mase,1.4477955,3.2494214,3.2863116,4.4699073,0.9249885
109,ID207,mase,0.5157783,0.5055357,0.55042154,0.7215534,2.0252976
110,ID208,mase,0.2642092,0.5396302,0.34554562,0.6244646,0.97635674
111,ID209,mase,0.76356506,0.6652802,0.7834754,1.4894137,0.8431115
112,ID21,mase,0.6271066,0.5861421,0.67544544,0.7410683,0.6866227
113,ID210,mase,0.4258229,0.61845076,0.639302,1.3663229,0.58718306
114,ID211,mase,0.94949776,0.8493949,1.0272851,0.6801644,1.1463808
115,ID212,mase,0.5616453,0.78286105,0.7648045,1.3491346,0.6344476
116,ID213,mase,4.178334,4.282509,4.3444,4.3203516,4.4444447
117,ID214,mase,1.0122111,0.929719,0.9985106,1.1241152,1.5047021
118,ID215,mase,0.6172909,0.507362,0.48385,0.46976987,1.2281715
119,ID216,mase,0.8642162,1.191418,0.99276716,1.7689676,0.4139799
120,ID217,mase,1.0133175,0.96880215,0.9565591,0.9116672,1.1093439
121,ID218,mase,0.7309221,0.5865483,0.5663779,0.4527823,1.1060677
122,ID219,mase,1.4425818,1.4635994,1.2806728,1.3877859,1.6338028
123,ID22,mase,0.5382746,0.55441123,0.55295044,0.5229117,0.7997436
124,ID23,mase,0.49732694,0.50832057,0.50316554,0.51003426,1.0076295
125,ID231,mase,0.8979437,1.2618703,1.2818245,1.5576075,0.90783924
126,ID232,mase,1.6683277,1.4343463,1.8372005,2.675938,1.9097537
127,ID233,mase,0.4198214,0.4027861,0.45948678,0.7223546,0.76509136
128,ID234,mase,1.8029051,2.0285835,1.8991886,2.1351466,0.98095214
129,ID235,mase,2.534078,2.9221754,3.1796224,4.1147466,3.6458514
130,ID236,mase,0.5574318,0.57628894,0.5808708,1.2103729,0.5302686
131,ID237,mase,0.801968,0.7894578,0.740613,1.0914458,1.7406281
132,ID238,mase,0.69625586,0.96868706,1.0225557,1.371174,0.99670285
133,ID239,mase,0.913214,1.0630952,1.0074574,1.604101,1.0546768
134,ID24,mase,1.5560967,2.6175966,2.0595717,4.858346,0.93655455
135,ID242,mase,0.4087776,0.42405277,0.47783938,0.93241656,0.47581142
136,ID247,mase,1.3844198,1.3597049,1.3691943,1.3823664,2.781778
137,ID248,mase,1.9781096,1.6425613,1.874452,1.6659027,2.014258
138,ID249,mase,0.7789594,1.0329165,0.907448,1.218872,0.75460535
139,ID25,mase,3.4772053,2.9659443,2.872782,3.063376,2.0790772
140,ID250,mase,0.51987743,0.48760816,0.36223894,0.68344504,1.1462935
141,ID251,mase,1.2366152,1.0051994,1.0824608,1.0406251,1.3287966
142,ID252,mase,0.60624003,0.45181835,0.47030023,0.42164838,0.7825169
143,ID254,mase,1.0798118,1.2295061,1.1640643,1.2332263,0.93875074
144,ID255,mase,1.0955613,0.8062967,0.8581225,0.66726834,1.0242623
145,ID256,mase,0.66905123,0.6539192,0.6583461,0.86570185,0.7755927
146,ID257,mase,1.1345416,0.9242839,1.1012598,0.7671482,1.0513228
147,ID258,mase,0.77519315,0.5869037,0.5747928,0.606467,1.604323
148,ID259,mase,1.4391229,1.5512878,1.5413083,1.6809405,1.1743547
149,ID26,mase,0.5764533,0.76411676,0.73807406,0.6063497,1.2990628
150,ID260,mase,1.5346096,1.4258558,1.3915771,1.4882144,1.3106998
151,ID261,mase,0.69475293,0.6379033,0.54701865,0.5320969,0.7265092
152,ID262,mase,0.23567516,0.28144547,0.20705307,0.25614044,0.2109925
153,ID263,mase,0.92551035,0.9876853,0.9563957,0.9683377,0.6997563
154,ID264,mase,0.63847274,0.7226972,0.67928296,0.8274948,0.43362597
155,ID265,mase,0.7689925,0.73771,0.7261907,0.6228538,0.89198726
156,ID266,mase,0.24010375,0.24398665,0.18903789,0.1336888,0.3159341
157,ID267,mase,1.136193,0.8484839,0.9301131,1.2025235,0.40861303
158,ID268,mase,0.73600566,0.6914091,0.6824044,0.7900499,0.61947227
159,ID269,mase,0.8374197,0.98206156,0.9752849,0.92861545,1.0137676
160,ID27,mase,1.7739329,1.7868066,1.716219,1.5928286,1.8932879
161,ID270,mase,0.49509534,0.51153773,0.5300343,0.48973247,0.5236716
162,ID271,mase,0.49873394,0.2983558,0.32646567,0.31803894,1.0259479
163,ID272,mase,0.33345968,0.2842794,0.26076236,0.5438038,0.40099624
164,ID273,mase,0.8129194,0.57412153,0.4979438,0.39986736,1.767175
165,ID274,mase,0.75425464,0.92224103,0.8898129,1.039996,1.3520948
166,ID275,mase,0.860296,0.91529775,0.9208644,0.91217583,1.1141813
167,ID276,mase,0.605571,0.67299473,0.8397001,0.6792165,0.94824564
168,ID277,mase,1.2624205,1.0444876,1.0711492,1.1893995,2.5481346
169,ID278,mase,1.328858,1.6474992,1.3730694,2.4764538,1.4252601
170,ID279,mase,0.70446664,0.56950104,0.65809894,0.6609538,1.1252685
171,ID28,mase,2.5637925,2.3555582,2.3067424,2.4076371,1.537677
172,ID280,mase,1.326867,1.2144477,1.2191131,0.9266964,1.286995
173,ID281,mase,0.43392307,0.4180049,0.45341432,0.72040963,0.6745085
174,ID282,mase,0.53802955,0.6460889,0.62298995,0.65560645,0.5711921
175,ID283,mase,0.63260466,0.5390664,0.55649936,0.58138704,0.65329045
176,ID284,mase,0.46608317,0.36292246,0.25214708,0.20374887,0.40590903
177,ID285,mase,0.45890084,0.44670454,0.49040523,0.58160514,0.8170391
178,ID286,mase,0.5368217,0.53871995,0.46158156,0.56878084,0.7472353
179,ID287,mase,2.1715112,1.9142374,1.7807553,1.7084684,1.0435442
180,ID288,mase,0.43822247,0.45733637,0.495932,0.8899842,0.62411517
181,ID289,mase,1.046967,0.43976244,0.5221932,0.35401708,1.9252143
182,ID29,mase,0.7340268,0.7414289,0.7192472,0.9711351,0.82894737
183,ID290,mase,0.7419765,0.63289607,0.75144136,0.9107872,1.1855603
184,ID291,mase,1.31253,1.3043351,1.2380073,1.3119522,1.2319365
185,ID292,mase,1.5424548,1.4090677,1.4926306,1.3887064,2.2720368
186,ID293,mase,0.7433859,0.46951485,0.45056227,0.43677667,0.7153755
187,ID294,mase,1.56854,1.2657467,1.4359356,1.1954215,0.9225275
188,ID295,mase,1.0931038,1.2920623,1.4755543,1.4018915,0.9474581
189,ID296,mase,1.5913094,1.9930648,2.133316,2.8011725,1.4860461
190,ID297,mase,1.3051333,1.1999205,1.205238,1.1076565,1.4507946
191,ID298,mase,0.39516437,0.42509535,0.42672005,0.5030527,0.5605773
192,ID299,mase,0.3040174,0.5658007,0.6754428,0.6809248,0.50797176
193,ID3,mase,0.4930176,0.5972956,0.6327622,0.73742944,1.2222863
194,ID30,mase,1.1054183,1.3617073,1.3162662,1.6024238,1.3490342
195,ID300,mase,3.3800263,3.4234521,3.0602176,2.703269,2.1553085
196,ID301,mase,0.71523535,0.723597,0.49774873,0.5403454,0.948039
197,ID302,mase,0.4567975,0.41303667,0.44167843,0.5403123,0.5023828
198,ID303,mase,1.7636448,0.9192849,1.6539406,0.9013756,0.7984488
199,ID304,mase,0.728492,0.63524497,0.65589744,0.7167825,1.0807784
200,ID305,mase,1.6777164,1.9026184,1.8674818,2.498973,0.98071605
201,ID306,mase,1.3614454,1.3540776,1.2796496,1.273088,1.8654578
202,ID307,mase,2.1285386,1.9028265,2.2177799,1.8264345,1.532445
203,ID308,mase,2.344555,2.2360938,2.1251562,2.0621572,1.947861
204,ID309,mase,1.1447508,0.9889891,1.0968447,1.3068069,1.0892391
205,ID31,mase,0.8792617,1.2062013,1.0372181,1.1174606,1.2349371
206,ID310,mase,0.34086123,0.46906725,0.5792008,0.63477904,1.0092764
207,ID311,mase,0.77306044,0.57889235,0.5485093,0.2717256,0.84535724
208,ID312,mase,0.32433227,0.3269131,0.4436631,0.5411496,0.73686975
209,ID313,mase,1.3347833,1.6447674,1.5164267,1.9553661,1.5523163
210,ID314,mase,0.37123707,0.5722212,0.49771658,0.651437,1.1831284
211,ID315,mase,0.66563505,0.6834166,0.60137373,0.6443285,1.4123303
212,ID316,mase,0.74775475,0.77382857,0.7979212,0.7437211,0.53884405
213,ID317,mase,0.67046344,0.5852776,0.5362245,0.4414305,0.6101888
214,ID318,mase,1.5162235,1.3270044,1.3487138,1.3642044,1.5786444
215,ID319,mase,0.80328006,0.9529796,0.9015568,1.2278413,0.7206659
216,ID32,mase,0.89855576,0.67655075,0.7012039,0.9408738,1.0715846
217,ID320,mase,0.6519054,0.48606977,0.5263008,0.49355093,0.80440205
218,ID321,mase,0.25513503,0.30244458,0.277312,0.328851,0.42527083
219,ID322,mase,0.6971881,0.6239565,0.6561766,0.5068145,1.1006299
220,ID323,mase,1.127854,1.0990556,1.0522734,1.5570232,0.91041154
221,ID324,mase,1.272446,1.2742012,1.320529,1.1227498,2.2557106
222,ID325,mase,0.9731314,0.7613587,0.7763911,0.7340476,1.1240071
223,ID326,mase,0.4910734,0.30812615,0.2947756,0.3397805,0.548713
224,ID327,mase,1.0140983,0.997964,1.0641147,0.6563191,1.7160449
225,ID328,mase,0.93120354,0.79042554,0.82486755,0.85391206,0.70599484
226,ID329,mase,2.1415277,1.7164013,2.1655679,1.330209,1.9271574
227,ID33,mase,1.0119269,0.9759483,0.91216797,1.1893936,0.88378173
228,ID330,mase,0.6913187,0.5189054,0.46681845,0.78829736,0.5290483
229,ID331,mase,1.089774,1.1039532,1.0327946,0.9831436,1.1523294
230,ID332,mase,0.47904897,0.47726882,0.45980084,0.5212863,0.717236
231,ID333,mase,0.46186188,0.39580578,0.4010336,0.45618507,0.3892922
232,ID334,mase,0.80488515,0.7137621,0.6869771,0.6368252,0.7283808
233,ID335,mase,2.8237414,2.50766,2.717292,2.3468175,3.4432507
234,ID336,mase,1.5435044,2.0101416,1.7204338,3.464075,1.5908213
235,ID337,mase,1.8468788,2.1981735,2.2295961,2.6133451,1.4611231
236,ID338,mase,0.9667391,1.1269393,1.0524961,1.2789664,1.5584412
237,ID339,mase,0.97843784,0.96923715,0.9660429,0.860755,1.0616494
238,ID34,mase,1.6576945,1.6537939,1.8148227,2.3074603,1.5139388
239,ID340,mase,1.0966396,1.1630405,1.1840136,1.1596855,1.5025455
240,ID341,mase,0.6101809,0.5088094,0.48698395,0.3831179,0.7787036
241,ID342,mase,1.7519233,1.2037823,1.1227307,0.99849766,1.8708245
242,ID343,mase,1.632162,1.5879226,1.685198,1.4596827,1.2975597
243,ID344,mase,1.2936605,0.48259267,0.45776662,0.36525375,1.1230047
244,ID345,mase,1.0222728,1.2270919,1.120629,1.6325175,1.1580863
245,ID346,mase,0.9036015,0.75588125,0.9527995,0.99943405,0.6897458
246,ID347,mase,0.53762555,0.4923268,0.51662153,0.53243136,0.55973196
247,ID348,mase,1.538851,1.454559,1.4139028,1.5049365,1.2073541
248,ID349,mase,0.4694376,0.41002977,0.406778,0.38609964,0.8123657
249,ID35,mase,1.1512796,1.023499,0.9374709,1.1793879,0.74744374
250,ID350,mase,1.5357682,1.2468183,1.450454,1.4886813,2.3337057
251,ID351,mase,1.0304031,1.004501,0.89086145,1.072253,1.5858396
252,ID352,mase,1.769403,1.8615422,1.7627804,1.9412099,1.7274662
253,ID353,mase,1.2268276,0.8712402,1.0481168,0.6274767,1.7115693
254,ID354,mase,0.827546,0.89913315,0.8542771,1.2131582,1.9439113
255,ID355,mase,0.5631173,1.215681,0.8021594,1.2853866,1.4489591
256,ID356,mase,1.5185361,2.2593477,2.220493,2.8940349,1.1716446
257,ID357,mase,0.4928039,0.86558837,0.8443287,1.4460287,0.9570586
258,ID358,mase,1.6216422,1.4819716,1.6786555,1.8999773,1.127895
259,ID359,mase,0.8885609,1.4179994,1.5142303,2.309149,0.9381368
260,ID36,mase,1.0124764,1.0509459,1.1255927,1.2629725,1.639673
261,ID360,mase,0.5491343,0.6659917,0.6762895,0.8762422,0.37600878
262,ID361,mase,0.86125344,1.059895,0.759993,1.0495667,0.4442986
263,ID362,mase,1.4906245,1.8540806,1.712616,2.5057,1.1673263
264,ID363,mase,0.7702731,0.6678434,0.84030825,0.973903,1.7888938
265,ID364,mase,0.4165458,0.31967565,0.3251433,0.36559358,0.84027094
266,ID365,mase,0.40658602,0.43747342,0.4058856,0.47750017,0.30554152
267,ID366,mase,1.4665613,1.1962852,1.2364299,1.196409,1.7515272
268,ID367,mase,0.6435223,0.79138833,0.7352894,0.9521149,1.1376772
269,ID368,mase,0.4376654,0.49935538,0.40054497,0.6480233,1.705022
270,ID369,mase,1.0106307,0.7380962,0.79245996,0.5688595,1.1197895
271,ID37,mase,1.0959141,1.2235606,1.2734472,1.7089093,1.6948341
272,ID370,mase,0.7013952,0.39114207,0.37202242,0.9325241,0.88620746
273,ID371,mase,1.358215,1.7537388,1.5962107,2.1814275,1.9854121
274,ID372,mase,1.159776,1.1281629,1.1986283,1.5474032,0.86064476
275,ID373,mase,0.68111557,1.0139767,0.6571986,1.0815669,0.8490672
276,ID374,mase,1.7217598,1.0463314,1.3225492,0.93494153,0.75683045
277,ID375,mase,0.42456678,0.48458242,0.44455415,1.3154783,1.4817395
278,ID376,mase,0.44085735,0.4917397,0.4608947,0.5655216,1.1901282
279,ID377,mase,0.47819737,0.4291017,0.46356785,0.46094212,1.1225004
280,ID378,mase,0.4641477,0.5594646,0.43350023,0.58462524,0.472087
281,ID379,mase,1.2341776,1.253497,1.4154865,1.4292364,1.5047114
282,ID38,mase,1.1618476,1.2045844,1.0193135,1.4658974,1.0343169
283,ID380,mase,2.389256,1.9561926,2.0928624,1.7763665,3.3634462
284,ID381,mase,1.0429124,1.0412903,0.93889743,0.56146276,2.3216121
285,ID382,mase,1.5690356,1.393478,1.942355,1.205412,3.1152453
286,ID383,mase,2.1231563,2.4487135,2.2526906,2.8322036,2.009377
287,ID384,mase,1.6589267,1.8103693,1.5557158,1.5637417,0.839325
288,ID385,mase,0.9234619,0.5089184,0.49426582,0.45139122,1.1988108
289,ID386,mase,0.69152534,0.43374637,0.5610887,0.48281947,1.0987805
290,ID387,mase,0.28441158,0.2805285,0.26335394,0.24832232,0.27079183
291,ID388,mase,2.6982002,2.8616579,2.8826175,2.7374544,4.173491
292,ID389,mase,2.0556972,1.7513185,1.9302297,1.7492796,3.0243547
293,ID39,mase,1.148601,1.1910273,1.2178164,1.2739272,1.8793206
294,ID390,mase,0.6528216,0.48485613,0.6307562,0.4614015,0.5298408
295,ID395,mase,1.1370373,0.93343747,1.009761,0.839847,2.123494
296,ID398,mase,0.45070738,0.50149006,0.44796398,0.62362367,0.625
297,ID399,mase,0.928655,1.0663764,1.0468282,1.1862335,0.8693946
298,ID4,mase,1.1633235,0.97968566,1.0742904,1.1091468,0.83380723
299,ID40,mase,2.1982918,2.3989139,1.804351,3.25475,1.7495098
300,ID400,mase,0.6669179,0.48524576,0.40315104,0.5799076,0.8245614
301,ID401,mase,1.4100033,1.3273494,1.443959,1.5244355,2.090909
302,ID402,mase,0.2034664,0.49701625,0.38699657,0.78544164,0.8796666
303,ID403,mase,0.18184519,0.28332776,0.20437726,0.35908687,1.0807601
304,ID404,mase,1.0153359,1.1738535,1.1033322,1.3855755,1.2402778
305,ID405,mase,0.889699,0.91248435,0.95646375,1.255389,1.4006623
306,ID406,mase,0.8254537,0.73789454,0.7856703,0.86962533,1.2926292
307,ID407,mase,1.0637531,1.0508342,1.019903,1.3292416,1.4010841
308,ID408,mase,2.3134012,2.0400763,2.0762637,2.0186598,2.2966378
309,ID409,mase,4.0327992,3.509578,3.899311,3.705868,1.255123
310,ID41,mase,0.39719135,0.53507113,0.51719815,1.7021173,0.77049506
311,ID410,mase,0.13491616,0.15658116,0.11661636,0.12515903,0.46770334
312,ID411,mase,1.416666,2.0276887,1.9782845,2.901143,1.1219515
313,ID412,mase,0.7443105,0.68756366,0.746027,0.61188984,0.37391317
314,ID413,mase,0.8339917,0.8189382,0.8781691,0.9204361,0.7732096
315,ID414,mase,0.41878474,0.43763113,0.5863333,0.56886834,1.0820493
316,ID415,mase,1.4630594,1.1055455,1.4430473,1.2268661,1.542976
317,ID416,mase,1.6170213,1.1992514,1.5670567,1.2787682,1.6120833
318,ID417,mase,0.52609426,0.45733115,0.48671186,0.50863373,1.1205075
319,ID42,mase,0.40181875,0.53510666,0.5155335,1.7304463,0.7833475
320,ID420,mase,0.6050552,0.6156716,0.5809432,0.6351515,2.5752091
321,ID43,mase,0.45821646,0.56909704,0.6407668,1.3421876,0.7776392
322,ID437,mase,0.71555895,0.75903815,0.6954849,1.5738233,1.752505
323,ID438,mase,0.5229772,0.4489378,0.4379592,0.39726543,0.4649131
324,ID439,mase,1.3370777,1.2505968,1.1785442,1.452198,1.4722222
325,ID44,mase,0.85409564,1.9114574,1.5462564,2.1608043,1.365089
326,ID440,mase,0.60651416,0.51141644,0.58876693,0.6943585,2.637588
327,ID441,mase,1.0622557,1.44456,1.6286259,2.331146,1.4095744
328,ID442,mase,1.0227425,1.162298,1.1186858,1.230319,2.1528199
329,ID443,mase,0.2126272,0.25299576,0.3976809,0.22354203,2.4491327
330,ID444,mase,0.23873042,0.29198155,0.30380487,0.20083371,2.075826
331,ID445,mase,0.21649598,0.21102318,0.26967034,0.16430172,1.6701008
332,ID446,mase,0.14817826,0.13375506,0.119161524,0.06956201,1.7284282
333,ID447,mase,0.6588715,0.6253609,0.57177025,0.73388267,2.8252006
334,ID448,mase,0.5630851,0.5356839,0.38616413,0.6496413,4.97623
335,ID449,mase,0.46163955,0.41714177,0.3392499,0.47402412,3.835238
336,ID45,mase,0.92615646,0.78844076,0.79053277,0.6190668,1.2005514
337,ID450,mase,2.3164754,2.322989,2.345706,1.7943109,2.648902
338,ID451,mase,0.5974242,1.0238975,0.6166777,1.0322087,2.524703
339,ID452,mase,1.0974883,1.3228332,1.1649678,1.2201993,1.7630831
340,ID453,mase,0.6941481,0.79250824,0.75526565,0.9730037,0.32392317
341,ID454,mase,0.25099212,0.27528033,0.2824555,0.51802653,2.5943663
342,ID455,mase,0.56222004,0.8064801,0.6624412,0.9366003,1.17999
343,ID466,mase,0.7799353,0.85565674,0.8384446,0.95986897,1.1322951
344,ID467,mase,1.3230635,1.3121037,1.344791,1.3907815,2.305133
345,ID468,mase,0.9388907,1.0077595,1.1285403,1.5523423,0.8703704
346,ID469,mase,1.2189592,0.66795266,0.90208197,0.6978859,0.99974287
347,ID488,mase,0.44103158,0.4783654,0.44655374,0.4707771,0.7378105
348,ID49,mase,0.55977696,0.6062268,0.65798306,0.8490856,0.5414064
349,ID490,mase,0.33093166,0.30059382,0.3115906,0.35044432,0.76566267
350,ID491,mase,0.67560875,0.41532657,0.4492954,0.38642672,0.9444444
351,ID492,mase,0.93105876,0.84724504,1.09301,1.5386724,1.1181818
352,ID493,mase,0.79530734,0.5486439,0.56408924,0.76527405,1.0459183
353,ID494,mase,0.44636488,0.56499004,0.457605,0.39381742,0.39930555
354,ID50,mase,0.7608401,1.0757747,0.97279793,1.4702567,0.9467161
355,ID51,mase,0.30963045,0.5788267,0.5176896,0.57315856,1.777517
356,ID513,mase,0.56283027,0.5627664,0.5494905,0.53361845,1.400641
357,ID514,mase,0.31265777,0.33828598,0.27655438,0.3473756,1.6138569
358,ID515,mase,0.5200841,0.38976932,0.27059716,0.22379136,1.7340513
359,ID516,mase,0.5200547,0.4033199,0.4122889,0.5545722,0.990766
360,ID518,mase,0.50176805,0.5461361,0.5457518,0.5715351,1.313944
361,ID519,mase,0.4402506,0.43190563,0.35665447,0.45914367,0.38643533
362,ID52,mase,0.63941133,1.022847,0.89295906,1.4065529,0.8985258
363,ID520,mase,0.45005378,0.53143054,0.40177473,0.44086847,1.2042459
364,ID521,mase,0.21303453,0.19451636,0.18768255,0.30622512,0.4428681
365,ID522,mase,0.7049544,0.42111123,0.40766117,0.44076905,0.96774197
366,ID523,mase,0.85862887,0.6921599,0.7090703,0.7017305,1.1848958
367,ID524,mase,0.38463753,0.3595895,0.34663317,0.43920395,0.45211694
368,ID525,mase,0.419769,0.40008596,0.38809937,0.80586696,2.4813664
369,ID526,mase,2.2453082,2.106184,2.1849437,2.0901008,1.9825528
370,ID53,mase,1.8903074,0.69763845,0.7389289,0.82070214,0.7103587
371,ID532,mase,0.7223426,0.67866087,0.6924095,0.7129999,1.0948536
372,ID533,mase,0.24867755,0.20578253,0.23357007,0.21557668,0.116160356
373,ID534,mase,0.5984566,0.69808286,0.5907524,0.70667595,1.4352003
374,ID535,mase,0.39665076,0.30542794,0.3020201,0.210133,1.4540017
375,ID536,mase,0.6831173,0.7168165,0.6283376,0.7184886,1.4556829
376,ID537,mase,0.45247307,0.4565147,0.4544446,0.5365176,1.634165
377,ID538,mase,1.036435,1.1129503,1.0718911,1.0619365,0.7290669
378,ID539,mase,0.48708168,0.5570587,0.60330725,0.7218478,1.9564639
379,ID54,mase,0.30566823,0.41580334,0.5810836,0.8656132,0.413523
380,ID540,mase,0.2650962,0.25360975,0.24552791,0.3296063,1.8353375
381,ID541,mase,0.97434944,0.9385908,1.0747931,1.1054429,0.99366117
382,ID542,mase,0.891527,1.450742,1.4087477,1.7867982,1.2455829
383,ID543,mase,0.21592413,0.28949517,0.19482648,0.39766926,4.045762
384,ID544,mase,0.25327995,0.2541473,0.23706993,0.24900627,0.3260274
385,ID55,mase,3.1025393,1.4037822,1.8216667,1.0519698,1.2975103
386,ID556,mase,0.03893381,0.02900709,0.03385224,0.02694283,0.048973873
387,ID557,mase,0.13385619,0.13100232,0.13130814,0.106791854,0.16587302
388,ID558,mase,0.053672608,0.083043694,0.06603421,0.1204821,0.21512228
389,ID559,mase,0.07497815,0.06864137,0.07391276,0.052393124,0.118631884
390,ID56,mase,0.80271,0.7372251,0.9522449,1.2788599,1.3431069
391,ID560,mase,0.015860783,0.014095732,0.013770407,0.010423037,0.030814817
392,ID561,mase,0.0045722825,0.0040794215,0.0059546535,0.0051061665,0.015534473
393,ID562,mase,0.027684731,0.014929772,0.01690285,0.008769153,0.083212174
394,ID563,mase,0.029359967,0.026387721,0.028745703,0.017798685,0.04257992
395,ID564,mase,0.015461547,0.012868826,0.014541582,0.0128714675,0.033591203
396,ID565,mase,0.14894122,0.10642142,0.10359724,0.10342329,0.15272473
397,ID566,mase,0.8694751,0.68421674,0.6488309,0.49116385,0.8791744
398,ID567,mase,11.343705,17.448187,18.041033,17.763645,0.15009187
399,ID569,mase,0.11906026,0.2688241,0.22095217,0.44336188,0.85608304
400,ID570,mase,0.87507486,0.5221526,0.6185023,0.647088,1.1195298
401,ID571,mase,0.62584746,2.556065,2.4148147,3.5737984,0.71935797
402,ID572,mase,0.8736428,0.5063481,0.6746868,0.454377,1.1083025
403,ID573,mase,0.55059624,0.42418355,0.47998562,0.3574258,0.63742167
404,ID574,mase,0.16681579,0.1754207,0.1688202,0.21578467,0.8558008
405,ID575,mase,0.99024606,0.68029475,0.8833635,0.60831106,1.4074032
406,ID576,mase,1.0601654,0.7712116,0.8092528,0.72673005,0.8192771
407,ID577,mase,1.2953148,1.0079796,1.059182,0.9032155,0.8675258
408,ID578,mase,0.8761684,0.6211925,0.6822702,0.49695694,0.8188074
409,ID579,mase,0.47928268,0.45940354,0.49634656,0.55151284,0.53719234
410,ID580,mase,1.0748878,0.8836666,0.8448099,0.82452005,0.853594
411,ID581,mase,0.80715334,0.5483049,0.6238052,0.49564895,0.5770862
412,ID582,mase,1.4484819,1.0311815,1.1461865,0.8348188,1.0405928
413,ID583,mase,0.5755566,0.45815212,0.36518174,0.412975,0.5132076
414,ID584,mase,1.3590907,0.96283525,1.0956831,0.79490256,1.1093388
415,ID585,mase,1.1642948,0.7784068,0.90471363,0.6348368,0.9071429
416,ID586,mase,0.9084289,0.5552562,0.74796444,0.42119977,0.75324667
417,ID587,mase,1.4322695,1.0125097,1.1921929,0.8244976,1.2549396
418,ID588,mase,1.4211141,1.0284195,1.163696,0.72107345,1.2380253
419,ID59,mase,1.0541867,0.99288046,0.98411334,0.9437583,0.7933916
420,ID593,mase,2.2562697,1.5877019,2.0381968,1.2357644,1.5601606
421,ID594,mase,1.019406,0.8671993,0.8918944,0.7039755,1.10367
422,ID595,mase,0.16486494,0.23733982,0.20425665,0.27366805,0.15111549
423,ID596,mase,0.30486864,0.36754012,0.39153636,0.40201923,0.6411883
424,ID597,mase,0.18243937,0.2726685,0.25324103,0.302136,0.17563058
425,ID60,mase,0.46634123,0.75340724,0.68992317,0.8963151,1.1689953
426,ID61,mase,1.8273196,2.190192,2.383728,3.3878744,0.79798466
427,ID614,mase,0.9754744,1.4403055,1.103638,1.6854433,0.8705442
428,ID615,mase,0.30979177,0.28656292,0.26670897,0.23858744,0.30472592
429,ID62,mase,1.4145504,1.3879948,1.3962346,1.4024236,1.4198146
430,ID63,mase,5.3539634,5.883019,5.705635,6.5548935,5.458728
431,ID64,mase,0.9872889,1.0846522,0.91006714,1.2136165,3.9740274
432,ID65,mase,0.49710718,0.4909212,0.4046852,1.1934421,1.4209101
433,ID66,mase,2.3347118,2.3243635,2.323599,2.0994864,3.0073357
434,ID67,mase,0.752449,1.3911724,0.89596856,1.7938585,1.7691488
435,ID68,mase,0.59718865,0.7678413,0.6727913,1.2011657,0.77308685
436,ID69,mase,1.3731935,1.5707057,1.7752928,1.9780055,2.1165295
437,ID70,mase,1.0945415,0.9054955,0.8782426,0.93876374,1.4115076
438,ID71,mase,1.0087498,1.4959507,1.6120583,2.1523747,1.668303
439,ID72,mase,0.911029,1.0130659,1.0960395,1.6312251,0.87404066
440,ID73,mase,0.9666839,1.3546622,1.2502263,1.0329052,0.51045483
441,ID74,mase,1.4623439,0.6090491,0.9223268,0.57145673,1.1065074
442,ID75,mase,1.1500698,1.0921326,1.0753204,1.0460523,1.6730368
443,ID76,mase,0.81503564,0.7932517,0.82297873,1.5240318,1.5558329
444,ID77,mase,0.6300742,0.9984965,1.0383003,2.1077693,1.147564
445,ID78,mase,0.6022128,0.6808328,0.64207697,1.1023726,0.8096276
446,ID79,mase,0.3679668,0.5701369,0.77879906,0.98402685,0.4148313
447,ID80,mase,0.38854724,0.5750005,0.5250421,0.85643166,0.5593473
448,ID81,mase,0.57109034,0.6908884,0.5997773,0.7194636,0.658608
449,ID82,mase,1.5666375,1.2088437,1.3419412,0.8588478,0.8347279
450,ID83,mase,0.9388219,1.0799062,0.8702296,1.6308385,1.0110466
451,ID84,mase,0.36700705,0.36782065,0.3346604,0.3890166,0.6648062
452,ID85,mase,0.7858172,0.7689903,0.7240678,0.95302993,0.8983189
453,ID86,mase,1.1851934,2.1619906,2.3411758,3.1250007,1.2828904
454,ID87,mase,1.0336994,0.84260017,0.9652409,1.3127991,1.7238555
455,ID88,mase,0.9152273,0.5601365,0.58477247,0.6013677,0.8471945
456,ID89,mase,1.9198455,3.4515014,2.423011,4.1855316,3.1150253
457,ID9,mase,1.2187729,2.2753162,2.1811059,2.519057,0.8589754
458,ID90,mase,1.1521609,1.764334,1.7857978,2.913952,1.0945283
459,ID91,mase,1.7298558,1.7815768,2.1146488,2.5418887,0.78798026
460,ID92,mase,1.2118309,1.0767154,1.0334092,0.68944836,1.4523507
461,ID93,mase,0.63102484,0.57893723,0.58676195,0.50748354,0.65134424
462,ID94,mase,1.3914084,0.8047,0.7466037,0.6366707,1.0986842
463,ID95,mase,0.9744943,0.81612223,0.8320235,0.5753029,1.3201916
464,ID96,mase,0.5355938,0.71551406,0.60389346,0.7696197,1.0746778
465,ID97,mase,0.13718802,0.086795345,0.2021577,0.09949968,1.8970414
466,ID98,mase,0.57947797,0.5770671,0.56999224,0.5647185,0.72721785
467,ID99,mase,0.21632369,0.32466385,0.25051013,0.33182302,0.36160713
468,ID1,smape,0.03918512,0.020934554,0.024423447,0.01936486,0.11898711
469,ID10,smape,0.056444928,0.055269323,0.05911617,0.06982499,0.103221625
470,ID100,smape,0.015950946,0.01477516,0.014431625,0.015873542,0.019742256
471,ID101,smape,0.0717872,0.08222753,0.07794621,0.13381085,0.09823286
472,ID102,smape,0.0685322,0.08261635,0.08975644,0.118265964,0.101973996
473,ID103,smape,0.060268484,0.054540366,0.05712709,0.07048835,0.07495647
474,ID104,smape,0.062450293,0.04714176,0.05674928,0.07028644,0.064261
475,ID105,smape,0.062076375,0.046572275,0.055138405,0.066893086,0.059369054
476,ID106,smape,0.06164292,0.058298178,0.05977894,0.117516905,0.07273963
477,ID107,smape,0.06795233,0.062190816,0.068172194,0.07315138,0.08209464
478,ID109,smape,0.1283266,0.13288963,0.13500167,0.12499434,0.15253699
479,ID11,smape,0.07352295,0.07306801,0.062022112,0.0736807,0.08253774
480,ID110,smape,0.09522106,0.06311006,0.083408855,0.05390879,0.082815394
481,ID111,smape,0.1844456,0.14979476,0.16245659,0.1394195,0.26224536
482,ID112,smape,0.02691573,0.031638384,0.035648495,0.039054446,0.081471674
483,ID113,smape,0.02688678,0.029351555,0.035195,0.037667934,0.0888855
484,ID114,smape,0.04013883,0.039977115,0.042587258,0.046383902,0.15581062
485,ID115,smape,0.04142812,0.030697646,0.041152455,0.036883276,0.10953285
486,ID116,smape,0.062206484,0.058724593,0.060608212,0.074164905,0.043989286
487,ID117,smape,0.0708187,0.05893143,0.066425554,0.0874814,0.06411702
488,ID118,smape,0.035066985,0.024682695,0.04297003,0.029251523,0.22208357
489,ID119,smape,0.020688035,0.023306848,0.028464975,0.033441465,0.08690017
490,ID12,smape,0.08412146,0.08315112,0.08473318,0.07378022,0.08159175
491,ID120,smape,0.01964083,0.021720529,0.02255019,0.035251725,0.027172698
492,ID121,smape,0.022126235,0.018963633,0.022177385,0.027660264,0.088972814
493,ID122,smape,0.019161433,0.026088696,0.024333218,0.041018236,0.037098985
494,ID123,smape,0.022126235,0.018963633,0.022177385,0.027660264,0.088972814
495,ID124,smape,0.018122375,0.020295314,0.020145753,0.027079841,0.14687848
496,ID125,smape,0.038904984,0.0422055,0.044924837,0.049594883,0.045996256
497,ID126,smape,0.023387585,0.012905962,0.014484128,0.031022387,0.043168183
498,ID127,smape,0.0643564,0.06866812,0.07488513,0.08344748,0.07143772
499,ID128,smape,0.025225455,0.025846573,0.027048636,0.030933233,0.07579018
500,ID129,smape,0.034376774,0.035492375,0.041831233,0.03260985,0.04390924
501,ID13,smape,0.3012242,0.25433448,0.26846695,0.23456612,0.17499651
502,ID130,smape,0.102704994,0.13106145,0.11695379,0.13757102,0.20135795
503,ID131,smape,0.07209272,0.086537175,0.08251385,0.0952585,0.20180127
504,ID135,smape,0.08505456,0.054920934,0.08936876,0.119644776,0.14041394
505,ID136,smape,0.06326852,0.0643668,0.04703851,0.12287927,0.078375146
506,ID137,smape,0.12989135,0.13302507,0.13036433,0.11885174,0.053918235
507,ID138,smape,0.024232887,0.024804506,0.028957669,0.043562975,0.055526376
508,ID139,smape,0.05738682,0.054804496,0.054436784,0.055638783,0.0911852
509,ID14,smape,0.13935837,0.124454364,0.12542024,0.10593945,0.2709888
510,ID140,smape,0.16369073,0.13619283,0.13078338,0.122563675,0.11586896
511,ID141,smape,0.028690962,0.032281537,0.038913064,0.03716353,0.05851207
512,ID142,smape,0.06379467,0.05291,0.0463189,0.054414205,0.06451089
513,ID143,smape,0.051869493,0.045068886,0.048624847,0.028356738,0.051837783
514,ID144,smape,0.06779255,0.041890338,0.06402017,0.09784745,0.13169986
515,ID145,smape,0.15546547,0.16681717,0.17094326,0.18448661,0.1461813
516,ID146,smape,0.083358034,0.07847892,0.072992995,0.078026846,0.12145249
517,ID148,smape,0.049898386,0.07000511,0.05334089,0.060233265,0.15066889
518,ID149,smape,0.059497353,0.066510126,0.06835149,0.07808746,0.14708048
519,ID15,smape,0.030616986,0.029577559,0.03103931,0.03150033,0.0492654
520,ID150,smape,0.14272487,0.11093393,0.11730669,0.08829668,0.1816081
521,ID151,smape,0.03246264,0.030295592,0.03274532,0.033596195,0.02810664
522,ID152,smape,0.03043088,0.0453061,0.04288533,0.061376642,0.037023343
523,ID153,smape,0.054969545,0.046140745,0.050017588,0.04016027,0.057434235
524,ID154,smape,0.009249672,0.021127088,0.011076246,0.033923343,0.09921783
525,ID155,smape,0.014449502,0.012655903,0.013092869,0.013605047,0.03367681
526,ID156,smape,0.037903614,0.052163616,0.03958041,0.056859426,0.09610826
527,ID157,smape,0.030245483,0.022223592,0.019288672,0.01434649,0.06972678
528,ID158,smape,0.02970989,0.037671622,0.032503847,0.04164084,0.1177823
529,ID159,smape,0.04250041,0.035092115,0.037203852,0.032504413,0.020348728
530,ID16,smape,0.070852146,0.07958023,0.09947012,0.08886647,0.08217335
531,ID160,smape,0.009191648,0.014445469,0.012598335,0.0182017,0.02049027
532,ID161,smape,0.02901354,0.027722185,0.030511625,0.026519537,0.037229497
533,ID162,smape,0.026759353,0.02338579,0.025185263,0.022327034,0.050425746
534,ID163,smape,0.051831674,0.06256375,0.065038376,0.062369954,0.04450219
535,ID164,smape,0.062067553,0.05343893,0.060926776,0.062090274,0.06892846
536,ID166,smape,0.08872562,0.068273574,0.060598873,0.05774514,0.09949855
537,ID17,smape,0.13760267,0.12726545,0.13435405,0.11534772,0.14580904
538,ID170,smape,0.12646921,0.12308885,0.12301896,0.14665006,0.13931626
539,ID171,smape,0.07680591,0.0703844,0.07866522,0.082565345,0.08660649
540,ID173,smape,0.015144378,0.01589811,0.017523326,0.0195288,0.026683405
541,ID174,smape,0.12845257,0.10854466,0.11384363,0.13514702,0.11898975
542,ID175,smape,0.03596939,0.028705236,0.029497407,0.023732774,0.039193593
543,ID176,smape,0.09194711,0.07961191,0.07694931,0.06768756,0.10669876
544,ID177,smape,0.12118544,0.10639443,0.095531404,0.08223013,0.16730729
545,ID178,smape,0.12021523,0.101953,0.09860205,0.08598567,0.14756027
546,ID179,smape,0.13515714,0.08986286,0.11409391,0.09477265,0.057146713
547,ID18,smape,0.123875186,0.1284542,0.11272727,0.18801332,0.14842395
548,ID180,smape,0.38030714,0.16268702,0.24657997,0.17990582,0.15095235
549,ID181,smape,0.23812047,0.24002193,0.2504742,0.25534496,0.26951045
550,ID182,smape,0.024233017,0.024804752,0.028957821,0.04356272,0.05552662
551,ID183,smape,0.13204512,0.13017206,0.14148979,0.14038728,0.08973937
552,ID184,smape,0.055849236,0.056690276,0.049056794,0.06972237,0.10153568
553,ID185,smape,0.039574884,0.054824375,0.053322725,0.05763827,0.030708086
554,ID186,smape,0.033492498,0.02893902,0.034504898,0.037513264,0.050753314
555,ID187,smape,0.04435935,0.030188926,0.032740135,0.035256382,0.041804485
556,ID188,smape,0.06685309,0.0910745,0.08831915,0.12386681,0.051376004
557,ID189,smape,0.050435346,0.052039057,0.0600335,0.09100511,0.027659345
558,ID19,smape,0.1165601,0.13857192,0.11962992,0.1555767,0.07072745
559,ID190,smape,0.19986641,0.1948811,0.19437549,0.12578766,0.12615511
560,ID191,smape,0.05302667,0.060038842,0.034809902,0.07978349,0.072305255
561,ID192,smape,0.039511293,0.046408087,0.04594633,0.124290355,0.05863821
562,ID193,smape,0.122655295,0.13105941,0.14166757,0.12262577,0.19866844
563,ID194,smape,0.03326419,0.04335049,0.048393495,0.09992096,0.062099647
564,ID195,smape,0.015735801,0.018981969,0.01637331,0.019085836,0.025547806
565,ID196,smape,0.16338384,0.12208254,0.13442686,0.1493086,0.25440985
566,ID197,smape,0.3631815,0.36290875,0.36806256,0.39673954,0.47023913
567,ID198,smape,0.07203055,0.075488545,0.07470705,0.07522054,0.083272606
568,ID199,smape,0.044726226,0.04332434,0.046849065,0.048165735,0.05244623
569,ID2,smape,0.068063214,0.08420426,0.074323684,0.09451219,0.05940354
570,ID20,smape,0.08027182,0.10481052,0.098240025,0.14615768,0.047727536
571,ID200,smape,0.038188785,0.046772376,0.072619714,0.11020753,0.10064134
572,ID201,smape,0.018652745,0.020413032,0.019706585,0.02028468,0.023316933
573,ID203,smape,0.062655315,0.06329073,0.04447507,0.07610472,0.054871976
574,ID204,smape,0.07428243,0.07645984,0.069735005,0.08045444,0.06726998
575,ID205,smape,0.028488722,0.03355874,0.026267571,0.047677264,0.040782336
576,ID206,smape,0.10049456,0.1853596,0.18740052,0.25016335,0.06166381
577,ID207,smape,0.01663594,0.016164718,0.017759282,0.02316373,0.06961356
578,ID208,smape,0.024549948,0.04831037,0.032522522,0.056979768,0.08258976
579,ID209,smape,0.025270658,0.021640392,0.024990933,0.0471664,0.028590955
580,ID21,smape,0.088986665,0.087105505,0.0981049,0.103231184,0.1202436
581,ID210,smape,0.014115101,0.020032926,0.019935088,0.042736534,0.019289197
582,ID211,smape,0.035691377,0.03169266,0.038687523,0.025038382,0.044067517
583,ID212,smape,0.01911369,0.02638187,0.025761496,0.044364296,0.02108537
584,ID213,smape,0.10475373,0.107149564,0.108531006,0.10801314,0.11030818
585,ID214,smape,0.118093036,0.11134068,0.11789897,0.13028267,0.22204928
586,ID215,smape,0.026310995,0.021700993,0.020644836,0.02023906,0.05718761
587,ID216,smape,0.034093276,0.046291173,0.039199535,0.067243524,0.017073182
588,ID217,smape,0.08102185,0.07856076,0.077547535,0.07434485,0.09197204
589,ID218,smape,0.05220832,0.04180592,0.04036016,0.032319494,0.082537375
590,ID219,smape,0.07310876,0.074054375,0.065435365,0.07028311,0.081914276
591,ID22,smape,0.02553864,0.026213612,0.026191033,0.024777435,0.03923182
592,ID23,smape,0.014010029,0.014314158,0.014170414,0.014362489,0.02788245
593,ID231,smape,0.02644051,0.036142588,0.03680327,0.044365823,0.025453264
594,ID232,smape,0.038836557,0.031948783,0.04224159,0.06286459,0.046856888
595,ID233,smape,0.021502603,0.019674648,0.022613965,0.03524291,0.03996511
596,ID234,smape,0.053626895,0.05981999,0.05637307,0.062651075,0.028861083
597,ID235,smape,0.13735975,0.15219031,0.16390476,0.19380133,0.17580327
598,ID236,smape,0.077170126,0.068056025,0.070606545,0.14620022,0.0662265
599,ID237,smape,0.09685067,0.09587202,0.092382595,0.122636065,0.16857792
600,ID238,smape,0.14790775,0.19987917,0.20596781,0.23649621,0.15993828
601,ID239,smape,0.046121635,0.057970703,0.05284761,0.080880694,0.05062843
602,ID24,smape,0.17722504,0.26919332,0.22916359,0.39192778,0.10164152
603,ID242,smape,0.014937009,0.015163315,0.017053246,0.033909995,0.017470198
604,ID247,smape,0.089384444,0.08811748,0.08877761,0.0894457,0.15947627
605,ID248,smape,0.12333188,0.10574546,0.11832804,0.10697852,0.11998002
606,ID249,smape,0.05226909,0.07156551,0.06219409,0.084725484,0.05082325
607,ID25,smape,0.266253,0.24325609,0.2388594,0.25014162,0.22073492
608,ID250,smape,0.21997495,0.1898158,0.15989873,0.268714,0.2728172
609,ID251,smape,0.14474952,0.11617086,0.1253657,0.12014931,0.15751944
610,ID252,smape,0.118134014,0.088181086,0.09258377,0.084758,0.14102867
611,ID254,smape,0.17789179,0.19778007,0.18973368,0.1986331,0.15319236
612,ID255,smape,0.20170492,0.16798095,0.1756384,0.14747246,0.18065138
613,ID256,smape,0.09051447,0.081750356,0.08413195,0.11193204,0.13749982
614,ID257,smape,0.12498998,0.09775535,0.11927812,0.07785681,0.11176686
615,ID258,smape,0.045505237,0.033726163,0.032785576,0.035085406,0.10404517
616,ID259,smape,0.104601085,0.11153508,0.110986605,0.119521126,0.0875509
617,ID26,smape,0.050028194,0.06709005,0.065040044,0.05194702,0.12274715
618,ID260,smape,0.03147106,0.029348142,0.028737068,0.030715007,0.027093876
619,ID261,smape,0.03078669,0.028151968,0.023971803,0.02327946,0.032228597
620,ID262,smape,0.021374194,0.02568137,0.019031292,0.023474291,0.018842496
621,ID263,smape,0.044346858,0.047217593,0.045798212,0.046370182,0.03365091
622,ID264,smape,0.04488431,0.050496936,0.047645703,0.05740445,0.030858167
623,ID265,smape,0.053572576,0.05119072,0.050438873,0.043119412,0.06235016
624,ID266,smape,0.018913405,0.01910479,0.01506014,0.0105094295,0.024510907
625,ID267,smape,0.115661964,0.09281811,0.10013155,0.12436804,0.044789337
626,ID268,smape,0.09294927,0.08822601,0.08694888,0.099478126,0.08157054
627,ID269,smape,0.063956104,0.07555847,0.07498328,0.07133737,0.07750885
628,ID27,smape,0.14541283,0.1469396,0.1410267,0.13104895,0.15944949
629,ID270,smape,0.029888041,0.030889567,0.031990223,0.029594906,0.031523693
630,ID271,smape,0.04479055,0.025398519,0.028302435,0.027644567,0.0882565
631,ID272,smape,0.013286824,0.011853168,0.010776028,0.022303035,0.017085424
632,ID273,smape,0.051959194,0.035853945,0.030757923,0.024249764,0.1225685
633,ID274,smape,0.053538825,0.072313055,0.069141716,0.0812874,0.10497382
634,ID275,smape,0.03834809,0.04066578,0.040895373,0.040332466,0.05006616
635,ID276,smape,0.05619566,0.0625512,0.076308474,0.06358813,0.08224373
636,ID277,smape,0.07331527,0.05946243,0.06197872,0.067249596,0.15860611
637,ID278,smape,0.031806204,0.03933599,0.0337034,0.059784066,0.032948073
638,ID279,smape,0.021220546,0.016955273,0.01967613,0.019721815,0.03363831
639,ID28,smape,0.20530394,0.19296369,0.1902539,0.19645737,0.13924693
640,ID280,smape,0.041161463,0.037695616,0.037864313,0.029165953,0.041258264
641,ID281,smape,0.026412634,0.025315594,0.027385017,0.04277964,0.040452078
642,ID282,smape,0.057163827,0.068262555,0.06612117,0.070195355,0.061558917
643,ID283,smape,0.060712777,0.05250553,0.054256164,0.056798294,0.06331984
644,ID284,smape,0.03431788,0.026540771,0.018191554,0.014645274,0.029725699
645,ID285,smape,0.06765822,0.068396896,0.073169984,0.081679724,0.101814985
646,ID286,smape,0.013760329,0.013783329,0.0117196785,0.014537981,0.019767173
647,ID287,smape,0.052065857,0.0474775,0.044039994,0.04332025,0.026523752
648,ID288,smape,0.011405514,0.0125000235,0.013796458,0.025052758,0.017140599
649,ID289,smape,0.06724535,0.025024679,0.030938115,0.01970919,0.13456538
650,ID29,smape,0.06192703,0.06401386,0.06209397,0.08118526,0.06462205
651,ID290,smape,0.09517977,0.07913803,0.093214996,0.11733516,0.13510934
652,ID291,smape,0.109104335,0.10863175,0.10426327,0.10923054,0.10487686
653,ID292,smape,0.037548162,0.033843834,0.036064785,0.03327064,0.0561716
654,ID293,smape,0.038865138,0.025348026,0.0242895,0.02346062,0.0407218
655,ID294,smape,0.23993449,0.20517781,0.22565314,0.1964015,0.22539754
656,ID295,smape,0.073584214,0.08536984,0.09645533,0.092334,0.06567519
657,ID296,smape,0.03632778,0.04550373,0.04855056,0.06274744,0.03471273
658,ID297,smape,0.07047189,0.06443108,0.06452301,0.05867156,0.080962606
659,ID298,smape,0.026297133,0.028143112,0.02820561,0.03322142,0.036125533
660,ID299,smape,0.012644901,0.023655532,0.028317804,0.028520579,0.021637067
661,ID3,smape,0.026019951,0.03134072,0.033344574,0.038896352,0.069995135
662,ID30,smape,0.08697213,0.11480558,0.10656138,0.13379796,0.103944
663,ID300,smape,0.18945542,0.19330233,0.17676814,0.16122563,0.17939919
664,ID301,smape,0.087394804,0.09051184,0.06422245,0.070473574,0.12384336
665,ID302,smape,0.014318548,0.012815164,0.013749286,0.01690559,0.015839914
666,ID303,smape,0.08331359,0.042315863,0.07788533,0.041470237,0.036868572
667,ID304,smape,0.01783752,0.015482213,0.015993485,0.017443934,0.027202323
668,ID305,smape,0.06349699,0.07323537,0.0717197,0.09723464,0.035376225
669,ID306,smape,0.1363274,0.13386618,0.1253927,0.124441385,0.19970345
670,ID307,smape,0.048972443,0.043494307,0.051090933,0.04169379,0.035076674
671,ID308,smape,0.11395172,0.109662294,0.10551398,0.102319606,0.09916271
672,ID309,smape,0.05584145,0.048918325,0.053841617,0.0634034,0.05560047
673,ID31,smape,0.074888125,0.10848237,0.09277956,0.103498474,0.117119566
674,ID310,smape,0.02190234,0.02987676,0.03639678,0.03970834,0.06997478
675,ID311,smape,0.09406846,0.06857231,0.06389089,0.029389273,0.109776944
676,ID312,smape,0.0069611175,0.006999642,0.00945052,0.011542308,0.015767476
677,ID313,smape,0.061464876,0.07704766,0.071691796,0.08962377,0.07209536
678,ID314,smape,0.019415066,0.030123685,0.026134986,0.034476724,0.06715446
679,ID315,smape,0.037412956,0.039288767,0.033399366,0.035717703,0.084388785
680,ID316,smape,0.07493078,0.082595445,0.08275677,0.06830217,0.05945919
681,ID317,smape,0.026796753,0.023462102,0.021359071,0.017249687,0.02486099
682,ID318,smape,0.040007114,0.034804795,0.03537939,0.035790183,0.041835953
683,ID319,smape,0.005432973,0.006442787,0.0060969293,0.0082850745,0.0048661064
684,ID32,smape,0.05321573,0.040131625,0.041719526,0.05468304,0.062028907
685,ID320,smape,0.06770282,0.050304633,0.054548815,0.050826866,0.08405418
686,ID321,smape,0.017144093,0.02031882,0.01863832,0.022066059,0.028395876
687,ID322,smape,0.06275545,0.055532992,0.058595687,0.044442404,0.10295339
688,ID323,smape,0.08084199,0.07884354,0.07591256,0.10748203,0.067310914
689,ID324,smape,0.043630708,0.04346632,0.045117777,0.03784832,0.08100963
690,ID325,smape,0.04164672,0.031926557,0.032605708,0.030652957,0.046679426
691,ID326,smape,0.038833305,0.02375501,0.02269195,0.026175143,0.04405476
692,ID327,smape,0.042477462,0.041747715,0.04503107,0.026908312,0.07719049
693,ID328,smape,0.11598451,0.10466154,0.10800352,0.11226855,0.10584383
694,ID329,smape,0.089861125,0.069640964,0.08955842,0.052200142,0.08420654
695,ID33,smape,0.067808084,0.061959624,0.05826331,0.0775216,0.06011319
696,ID330,smape,0.14229636,0.120199606,0.11473314,0.14491454,0.11037879
697,ID331,smape,0.11372873,0.109170005,0.10229307,0.09724831,0.12414928
698,ID332,smape,0.048343454,0.04847752,0.046518885,0.052855205,0.07138463
699,ID333,smape,0.06917082,0.057674028,0.05836269,0.06620126,0.061096482
700,ID334,smape,0.07023179,0.061161425,0.05868132,0.054026335,0.06332069
701,ID335,smape,0.17146955,0.14829358,0.16327886,0.13811874,0.22134054
702,ID336,smape,0.084185675,0.10573541,0.0922907,0.16865024,0.0878783
703,ID337,smape,0.26832026,0.2988868,0.29828864,0.33172554,0.2356932
704,ID338,smape,0.15762627,0.1910902,0.17620698,0.22276041,0.23793215
705,ID339,smape,0.08305067,0.082249284,0.08203837,0.07237222,0.09179752
706,ID34,smape,0.049920302,0.04989346,0.055067617,0.069266446,0.04508169
707,ID340,smape,0.1131419,0.1210202,0.12357648,0.12029801,0.1648167
708,ID341,smape,0.07327539,0.058973383,0.05540907,0.042463917,0.0956602
709,ID342,smape,0.09256378,0.063417315,0.059368618,0.052946895,0.108802594
710,ID343,smape,0.11981733,0.11612916,0.12440982,0.105494335,0.09476138
711,ID344,smape,0.078529686,0.028169261,0.02780412,0.021652555,0.08128306
712,ID345,smape,0.08981779,0.10653503,0.09877409,0.146802,0.11054792
713,ID346,smape,0.052325476,0.043273777,0.05529464,0.058524992,0.039965946
714,ID347,smape,0.032000206,0.029668447,0.031088095,0.031616583,0.03287025
715,ID348,smape,0.11265689,0.11030247,0.10810068,0.11351224,0.0943557
716,ID349,smape,0.035815105,0.031135963,0.030778693,0.02903004,0.064971566
717,ID35,smape,0.0920386,0.08187359,0.074726745,0.09398868,0.061801452
718,ID350,smape,0.07974503,0.067453206,0.07833895,0.08099777,0.14143126
719,ID351,smape,0.07025439,0.06365318,0.057358537,0.06907908,0.1300757
720,ID352,smape,0.04345982,0.045540698,0.043018732,0.047608033,0.042868447
721,ID353,smape,0.03558617,0.025660396,0.030660486,0.018694349,0.04898063
722,ID354,smape,0.03040312,0.032924123,0.030946158,0.04392622,0.08173296
723,ID355,smape,0.015436536,0.034714714,0.02241204,0.036746915,0.045205224
724,ID356,smape,0.046904996,0.06812783,0.06696938,0.085366495,0.038053736
725,ID357,smape,0.011266939,0.019817408,0.019790769,0.034205478,0.023205267
726,ID358,smape,0.095369264,0.087957576,0.098572314,0.10976513,0.06493983
727,ID359,smape,0.03230381,0.052056048,0.054393966,0.07942079,0.030985285
728,ID36,smape,0.04529026,0.047074523,0.05043976,0.05681431,0.07904971
729,ID360,smape,0.03676171,0.04384875,0.044935215,0.059168693,0.026815472
730,ID361,smape,0.046012215,0.056330115,0.04109303,0.055773307,0.023902517
731,ID362,smape,0.055449586,0.06794669,0.062193032,0.09598166,0.044239346
732,ID363,smape,0.030402208,0.025569122,0.032494757,0.036842644,0.07380834
733,ID364,smape,0.037974387,0.028442612,0.028878888,0.03228639,0.08296561
734,ID365,smape,0.029970394,0.032177806,0.029829256,0.035050347,0.022777516
735,ID366,smape,0.059992444,0.048093446,0.049615808,0.047827434,0.07413288
736,ID367,smape,0.027126815,0.033145696,0.030810792,0.040799335,0.04960809
737,ID368,smape,0.018388381,0.020783586,0.016659401,0.02721004,0.077259764
738,ID369,smape,0.103471644,0.07878787,0.084127486,0.0627967,0.15493613
739,ID37,smape,0.042910933,0.048943628,0.050178353,0.071412876,0.0704659
740,ID370,smape,0.04881892,0.0278784,0.026754566,0.06446011,0.06739503
741,ID371,smape,0.06267369,0.08190393,0.07335016,0.10485527,0.1005832
742,ID372,smape,0.061898716,0.05982149,0.062069044,0.0824585,0.04586069
743,ID373,smape,0.03924295,0.057631813,0.038172133,0.061312538,0.05201799
744,ID374,smape,0.11188411,0.07267939,0.089029446,0.066362604,0.05556177
745,ID375,smape,0.020808179,0.024503749,0.022161804,0.064665616,0.08154289
746,ID376,smape,0.03450247,0.038219936,0.035973884,0.043666337,0.09905702
747,ID377,smape,0.024210356,0.021634968,0.02349493,0.023310736,0.06000372
748,ID378,smape,0.03852961,0.04644349,0.036797274,0.04865383,0.04265052
749,ID379,smape,0.06160492,0.06248755,0.069580615,0.070126235,0.07432537
750,ID38,smape,0.06487102,0.07353504,0.061202336,0.08939331,0.05764063
751,ID380,smape,0.037881948,0.030513529,0.03279618,0.027587455,0.054371305
752,ID381,smape,0.034722857,0.034670398,0.031465907,0.019228647,0.08844189
753,ID382,smape,0.053288102,0.047801953,0.064997956,0.041791998,0.12661767
754,ID383,smape,0.087231606,0.10112436,0.09210551,0.11921338,0.08346061
755,ID384,smape,0.07936554,0.08613968,0.07530222,0.07578789,0.040214397
756,ID385,smape,0.082092166,0.047495615,0.04639645,0.042170897,0.10209085
757,ID386,smape,0.015558,0.009678457,0.01256554,0.010784238,0.024975428
758,ID387,smape,0.005578736,0.0055027185,0.0051680477,0.0048754,0.0053136926
759,ID388,smape,0.090068005,0.09535196,0.09626003,0.09065811,0.14754942
760,ID389,smape,0.074314415,0.061585303,0.06846653,0.061472535,0.113304436
761,ID39,smape,0.12395825,0.12778673,0.13148047,0.1335198,0.21971829
762,ID390,smape,0.006769168,0.0050396346,0.0065421257,0.0047970223,0.0055551725
763,ID395,smape,0.025567673,0.02083292,0.022537036,0.01864557,0.048897244
764,ID398,smape,0.017522331,0.019479483,0.017352302,0.024329167,0.024600802
765,ID399,smape,0.020026326,0.023039937,0.022613954,0.025685797,0.018728975
766,ID4,smape,0.043264546,0.03674828,0.040105857,0.041465886,0.031864267
767,ID40,smape,0.14972372,0.16701293,0.11942818,0.24573657,0.1230217
768,ID400,smape,0.01686617,0.012053227,0.010009002,0.014513818,0.021130787
769,ID401,smape,0.03167984,0.029561955,0.03230243,0.03417006,0.048042737
770,ID402,smape,0.007051536,0.01834736,0.014051599,0.028057657,0.028497912
771,ID403,smape,0.0067448304,0.010526067,0.0075795855,0.013383716,0.041693337
772,ID404,smape,0.022678604,0.026211798,0.024560938,0.03106128,0.028537154
773,ID405,smape,0.021318424,0.02193296,0.022964455,0.02995439,0.03476151
774,ID406,smape,0.02531283,0.022549735,0.024108585,0.026797475,0.041199278
775,ID407,smape,0.033725336,0.03356004,0.032683108,0.041812394,0.045631107
776,ID408,smape,0.059101712,0.051383547,0.052346893,0.050720613,0.059441987
777,ID409,smape,0.13187218,0.11291793,0.12709492,0.12048054,0.037232023
778,ID41,smape,0.01613197,0.021690737,0.02079751,0.06655048,0.02945771
779,ID410,smape,0.010576621,0.012388567,0.009112274,0.0098054595,0.038160123
780,ID411,smape,0.0769567,0.10864318,0.108483426,0.1614631,0.06327465
781,ID412,smape,0.013905983,0.012864117,0.01393911,0.011467806,0.0070983623
782,ID413,smape,0.015947739,0.01567845,0.016796395,0.017618334,0.014818121
783,ID414,smape,0.0097337,0.010192628,0.01366264,0.013242493,0.025642816
784,ID415,smape,0.03173551,0.02369958,0.031142358,0.026343117,0.033561677
785,ID416,smape,0.039771844,0.02903611,0.038326725,0.03099106,0.03966437
786,ID417,smape,0.016002491,0.013815295,0.014842497,0.015425766,0.03605428
787,ID42,smape,0.015981017,0.021268874,0.02029793,0.06651828,0.029457971
788,ID420,smape,0.015115676,0.015374562,0.01448399,0.015865784,0.068476066
789,ID43,smape,0.01441169,0.018508676,0.020520395,0.042451784,0.024167594
790,ID437,smape,0.014677556,0.015546947,0.0137575315,0.033169206,0.0369092
791,ID438,smape,0.01024839,0.008810473,0.008598871,0.007807298,0.009162266
792,ID439,smape,0.03929573,0.03709262,0.035050787,0.04281154,0.04403302
793,ID44,smape,0.027359566,0.06078228,0.049758766,0.06810734,0.04540328
794,ID440,smape,0.01100824,0.009298367,0.010774059,0.012717405,0.05073969
795,ID441,smape,0.01961405,0.027081726,0.030426633,0.0433625,0.026601713
796,ID442,smape,0.022508545,0.025687654,0.02469375,0.027245156,0.048962448
797,ID443,smape,0.006973012,0.008257663,0.012890331,0.007323453,0.088217676
798,ID444,smape,0.0067580706,0.00825677,0.008608348,0.0056942916,0.06373947
799,ID445,smape,0.005837808,0.0056868657,0.0072677587,0.0044371365,0.047740687
800,ID446,smape,0.0036421742,0.0032903834,0.0029340442,0.0017223104,0.044754714
801,ID447,smape,0.01629164,0.015440894,0.0140764695,0.018186312,0.07475132
802,ID448,smape,0.013780439,0.013088331,0.00935273,0.015959864,0.14200823
803,ID449,smape,0.014388495,0.012947721,0.010440494,0.01474884,0.1372397
804,ID45,smape,0.03000141,0.025611006,0.025660902,0.020287737,0.039496362
805,ID450,smape,0.18549325,0.18676983,0.18784687,0.13063695,0.22636203
806,ID451,smape,0.052974973,0.08641227,0.054535486,0.08700598,0.18733034
807,ID452,smape,0.0888354,0.10504924,0.09379747,0.096906096,0.1335721
808,ID453,smape,0.045177773,0.051315323,0.049035832,0.06217566,0.021813016
809,ID454,smape,0.0075611477,0.008258486,0.008485876,0.015753923,0.0865304
810,ID455,smape,0.020865526,0.030036947,0.024717906,0.0347836,0.046349183
811,ID466,smape,0.03005049,0.033009253,0.032339904,0.03708174,0.044855814
812,ID467,smape,0.042222805,0.041921515,0.043039095,0.04451243,0.07810716
813,ID468,smape,0.026870009,0.028803501,0.032123685,0.04337236,0.025258379
814,ID469,smape,0.036987986,0.01977753,0.026993824,0.0206841,0.030214291
815,ID488,smape,0.010665522,0.011519894,0.010729766,0.011302326,0.017978823
816,ID49,smape,0.060569957,0.07443979,0.08179654,0.106134415,0.063707285
817,ID490,smape,0.013819898,0.012483766,0.01297441,0.014649886,0.033415057
818,ID491,smape,0.034023628,0.02110922,0.022842083,0.019740047,0.051830396
819,ID492,smape,0.019571133,0.017548652,0.023004454,0.032599486,0.024457071
820,ID493,smape,0.016740961,0.0117166415,0.012006921,0.01633811,0.02303531
821,ID494,smape,0.010970997,0.013796564,0.011226191,0.009693716,0.009804836
822,ID50,smape,0.02636553,0.03729043,0.033890083,0.050011836,0.032506626
823,ID51,smape,0.008386511,0.015772775,0.01408173,0.015603062,0.050242055
824,ID513,smape,0.015842471,0.015804775,0.015434138,0.014961776,0.040654954
825,ID514,smape,0.018261325,0.020105459,0.016319696,0.020669416,0.105748355
826,ID515,smape,0.03240949,0.024075301,0.01657559,0.013657076,0.11700572
827,ID516,smape,0.03268154,0.025738494,0.026299322,0.035303187,0.065129094
828,ID518,smape,0.01373675,0.014699025,0.01467969,0.015315364,0.03661435
829,ID519,smape,0.016420119,0.01609737,0.013240223,0.017132005,0.014352256
830,ID52,smape,0.0251584,0.04125913,0.036187563,0.055871475,0.03613238
831,ID520,smape,0.013177335,0.015560845,0.011714652,0.01286489,0.036122542
832,ID521,smape,0.006522024,0.0059633036,0.0057605403,0.009411695,0.013859682
833,ID522,smape,0.016877394,0.010322643,0.009984641,0.010789615,0.024698755
834,ID523,smape,0.017668175,0.014121192,0.014460611,0.014324915,0.024638735
835,ID524,smape,0.009482598,0.008995152,0.008690324,0.011030397,0.01154312
836,ID525,smape,0.008798588,0.008524885,0.008289003,0.017311512,0.05659359
837,ID526,smape,0.053590562,0.050027926,0.052010264,0.04961948,0.04711767
838,ID53,smape,0.11314058,0.038559638,0.0413707,0.046551935,0.03697805
839,ID532,smape,0.023395615,0.02188177,0.022346329,0.023021024,0.035989873
840,ID533,smape,0.012832922,0.010636031,0.012058064,0.01113886,0.0060015935
841,ID534,smape,0.0061466633,0.007178465,0.006066325,0.00726749,0.014886232
842,ID535,smape,0.018367868,0.014231869,0.014087196,0.009881014,0.0737768
843,ID536,smape,0.006292201,0.0066049052,0.0057841083,0.006620352,0.013514732
844,ID537,smape,0.025322516,0.025596261,0.025473598,0.030248474,0.1003089
845,ID538,smape,0.05369786,0.0574006,0.05544034,0.054941706,0.039186094
846,ID539,smape,0.003600366,0.004119367,0.004462786,0.0053449934,0.014650136
847,ID54,smape,0.02486472,0.03449163,0.04745613,0.085684985,0.03607284
848,ID540,smape,0.0063181575,0.0060377214,0.005849176,0.0078065745,0.04560192
849,ID541,smape,0.14170669,0.13934958,0.15557478,0.15967448,0.14924046
850,ID542,smape,0.038490444,0.061034366,0.059428282,0.07343511,0.04689712
851,ID543,smape,0.008073683,0.01085267,0.007230054,0.014775697,0.17458297
852,ID544,smape,0.047779284,0.04785747,0.044934113,0.046825066,0.05596286
853,ID55,smape,0.27258345,0.1066083,0.1430078,0.078121126,0.087075144
854,ID556,smape,0.06378231,0.04637604,0.05466253,0.042302255,0.081283465
855,ID557,smape,0.23095927,0.22301406,0.22719488,0.19708297,0.31826824
856,ID558,smape,0.14975058,0.21120161,0.17617789,0.27439103,0.39650178
857,ID559,smape,0.119618386,0.10609514,0.11442895,0.072993115,0.17535466
858,ID56,smape,0.06553011,0.0632539,0.08539162,0.10874672,0.11992392
859,ID560,smape,0.12108983,0.10296456,0.10022564,0.0750729,0.20258614
860,ID561,smape,0.17215727,0.14708965,0.20503503,0.18552877,0.23560607
861,ID562,smape,0.27022466,0.10492557,0.10766939,0.06457718,0.2357791
862,ID563,smape,0.10729876,0.09292258,0.105384275,0.058801305,0.15142044
863,ID564,smape,0.0754372,0.062239762,0.07174008,0.060603503,0.1193891
864,ID565,smape,0.409438,0.2537688,0.24590562,0.24398586,0.32489878
865,ID566,smape,0.16981995,0.12508346,0.115916446,0.07997443,0.16693847
866,ID567,smape,0.8357015,0.88066477,0.88529134,0.88341886,0.1215077
867,ID569,smape,0.001260903,0.0028650449,0.002351767,0.004733665,0.009256991
868,ID570,smape,0.009208742,0.0054394137,0.0064596403,0.006747008,0.011822211
869,ID571,smape,0.013530204,0.054664664,0.05176229,0.07437495,0.015283885
870,ID572,smape,0.009917652,0.0057021985,0.00762573,0.005109195,0.012630304
871,ID573,smape,0.050413102,0.038795575,0.043620393,0.032977313,0.060699787
872,ID574,smape,0.0018384364,0.001931252,0.001859555,0.0023769352,0.009520309
873,ID575,smape,0.11908176,0.08748795,0.10875941,0.07994524,0.21063764
874,ID576,smape,0.09106985,0.068599485,0.07155095,0.064940155,0.07567909
875,ID577,smape,0.13506153,0.109372616,0.1139202,0.09927261,0.10177102
876,ID578,smape,0.07040849,0.051364653,0.05590681,0.041661978,0.06831376
877,ID579,smape,0.031897914,0.030776367,0.03313826,0.036768205,0.03617015
878,ID580,smape,0.09642989,0.081394,0.07789406,0.076423086,0.08243115
879,ID581,smape,0.05997514,0.04184302,0.04726073,0.03805443,0.045072496
880,ID582,smape,0.1609658,0.12210485,0.13307562,0.10148245,0.12980953
881,ID583,smape,0.045612693,0.037077203,0.02965895,0.033619177,0.044180706
882,ID584,smape,0.15084228,0.11350864,0.12633646,0.095951945,0.13280481
883,ID585,smape,0.11166407,0.07859981,0.089784704,0.065239124,0.093625456
884,ID586,smape,0.09771101,0.06314689,0.08272627,0.049437508,0.083783865
885,ID587,smape,0.19003294,0.14431557,0.16449165,0.12162732,0.17671256
886,ID588,smape,0.20462003,0.15952781,0.1752747,0.11889504,0.19337952
887,ID59,smape,0.044500683,0.04241847,0.042216826,0.040693432,0.034878585
888,ID593,smape,0.222521,0.17197403,0.20841338,0.13989954,0.18102092
889,ID594,smape,0.1327943,0.11022871,0.11381894,0.08730373,0.14651233
890,ID595,smape,0.016109988,0.02342631,0.020141667,0.027111601,0.015055961
891,ID596,smape,0.027275465,0.032701906,0.034947574,0.035913564,0.06001453
892,ID597,smape,0.027933748,0.04270448,0.039311934,0.047218412,0.027096897
893,ID60,smape,0.031067902,0.058937382,0.052770752,0.06869181,0.09311874
894,ID61,smape,0.07413574,0.08819254,0.09493139,0.13077067,0.035775166
895,ID614,smape,0.03002616,0.04478802,0.034606785,0.05202382,0.028713286
896,ID615,smape,0.00278116,0.0025733656,0.0023955912,0.0021436955,0.0027357552
897,ID62,smape,0.12514542,0.12246228,0.12328579,0.12392031,0.12571445
898,ID63,smape,0.16115831,0.17414385,0.1698353,0.1901825,0.16316083
899,ID64,smape,0.08895587,0.094572425,0.081987545,0.10582799,0.2780296
900,ID65,smape,0.012559451,0.012367076,0.009498906,0.029754506,0.036120176
901,ID66,smape,0.22368242,0.22088984,0.22019538,0.1930552,0.31554285
902,ID67,smape,0.03708023,0.066706516,0.044424713,0.08478776,0.07981847
903,ID68,smape,0.026998756,0.034950227,0.029489625,0.053940024,0.03406105
904,ID69,smape,0.050389417,0.059870344,0.066933356,0.076744415,0.08521074
905,ID70,smape,0.045646194,0.038701635,0.0364326,0.038687687,0.0597439
906,ID71,smape,0.08888284,0.122256175,0.13229792,0.16543265,0.16295187
907,ID72,smape,0.07079518,0.08648213,0.09793437,0.13516194,0.060178533
908,ID73,smape,0.091151446,0.1445339,0.12403814,0.12292537,0.060467124
909,ID74,smape,0.06446116,0.028293429,0.041960366,0.026608026,0.056138705
910,ID75,smape,0.051032886,0.048137758,0.047204074,0.045681383,0.077145554
911,ID76,smape,0.032065134,0.03262561,0.033616617,0.05900058,0.05635386
912,ID77,smape,0.18010417,0.105494834,0.124729194,0.22564955,0.17595583
913,ID78,smape,0.03866685,0.043961048,0.041323125,0.08087798,0.053454883
914,ID79,smape,0.029997833,0.04635521,0.06196422,0.092046544,0.036325783
915,ID80,smape,0.0283148,0.042953763,0.038800746,0.071675636,0.041527666
916,ID81,smape,0.02700393,0.03215711,0.02802388,0.033543903,0.03101456
917,ID82,smape,0.07126747,0.05610405,0.06178642,0.04069285,0.042483043
918,ID83,smape,0.024305174,0.02828825,0.022719821,0.042239364,0.026035814
919,ID84,smape,0.022330174,0.022193566,0.01995498,0.023655247,0.04248248
920,ID85,smape,0.043773223,0.04311567,0.040327214,0.053817272,0.05114023
921,ID86,smape,0.04212583,0.09238492,0.094840236,0.13179047,0.05358043
922,ID87,smape,0.05987551,0.04658778,0.052712034,0.07926766,0.10632606
923,ID88,smape,0.061945923,0.03938124,0.041225363,0.04221966,0.06148185
924,ID89,smape,0.08293557,0.13883567,0.103599615,0.15988536,0.14225751
925,ID9,smape,0.11999746,0.2027281,0.19593245,0.21993771,0.094081715
926,ID90,smape,0.06365958,0.09660685,0.09759691,0.14987592,0.061979212
927,ID91,smape,0.11450042,0.118133835,0.13633163,0.15863512,0.05594949
928,ID92,smape,0.0841221,0.07374764,0.07009315,0.043974716,0.10638947
929,ID93,smape,0.04835781,0.044499293,0.045094457,0.038805295,0.04964885
930,ID94,smape,0.12983237,0.06834328,0.06273954,0.052121356,0.09946285
931,ID95,smape,0.07261227,0.0597717,0.06062592,0.03965784,0.103271775
932,ID96,smape,0.07037999,0.09471637,0.07866762,0.097612746,0.14545311
933,ID97,smape,0.023944918,0.01486492,0.03391816,0.016963752,0.22576185
934,ID98,smape,0.08912213,0.08861871,0.087332204,0.086353965,0.11671596
935,ID99,smape,0.03451157,0.050847802,0.039762355,0.05190047,0.053507484
