,unique_id,metric,Original,Online,Offline,OfflineMax,SeasonalNaive
0,ID0,mase,1.5855602,1.7255934,1.6406046,1.6223626,1.6523423
1,ID1,mase,0.7024013,0.8435709,0.74646425,0.7015087,0.6560234
2,ID10,mase,1.5481433,1.5822617,1.2564149,1.3889837,0.50213987
3,ID100,mase,0.75306565,0.6908579,0.7794796,0.8138524,1.322672
4,ID101,mase,0.7346822,0.6736055,0.79273003,0.78344965,0.85678566
5,ID102,mase,0.57282996,0.46882063,0.39955515,0.5497868,0.59913737
6,ID103,mase,1.2462535,1.0940969,1.0665338,1.0409681,1.0389642
7,ID104,mase,1.0788008,1.1908786,1.1602881,1.1080008,1.5041574
8,ID105,mase,0.5729058,0.5446311,0.6080338,0.57597697,0.49615568
9,ID106,mase,0.51691806,0.50068724,0.5094725,0.49991652,0.49196902
10,ID107,mase,0.5236537,0.5454247,0.5227635,0.51673806,0.9829676
11,ID108,mase,0.7623546,0.7038841,0.5450266,0.6543933,0.57120776
12,ID109,mase,0.79976946,0.9687638,1.083496,0.79152435,0.7931279
13,ID11,mase,0.80663884,0.7325693,0.6846465,0.7818268,1.0710356
14,ID110,mase,0.53290683,0.6598744,0.4375151,0.59083116,0.89296454
15,ID111,mase,0.38410494,0.3153739,0.3735553,0.33601052,0.3119252
16,ID112,mase,0.71399176,0.7659967,0.69788533,0.7360994,0.60887223
17,ID113,mase,0.6518603,0.67273223,0.6403953,0.68292785,0.6879804
18,ID114,mase,0.5599637,0.6237852,0.5010661,0.46935192,0.60522294
19,ID115,mase,1.7573434,3.0901797,4.2503653,2.5683458,0.9737069
20,ID116,mase,0.16764045,0.19299194,0.29318804,0.4520343,0.4190104
21,ID117,mase,0.3305128,0.27065948,0.2108585,0.2187758,0.17705764
22,ID118,mase,0.62321377,0.65463084,0.46979335,0.7230406,0.756469
23,ID119,mase,0.22870418,0.1276179,0.13080314,0.2724236,0.5553835
24,ID12,mase,0.6945752,0.68089885,0.7017332,0.58418596,0.45154724
25,ID120,mase,0.2611853,0.3454387,0.30009246,0.19953404,0.31206876
26,ID121,mase,0.19327293,0.15296695,0.15472928,0.18286955,0.41808626
27,ID122,mase,0.4019191,0.3499954,0.31752574,0.35302305,0.3971962
28,ID123,mase,0.17520551,0.16965064,0.19263618,0.19187455,0.3068764
29,ID124,mase,1.4548914,1.345057,1.4356554,1.5477918,2.8403656
30,ID125,mase,0.3551242,0.43263578,0.26724315,0.32395825,0.85512894
31,ID126,mase,0.44071704,0.44566256,0.44104773,0.45132735,0.44355124
32,ID127,mase,0.24773036,0.23854385,0.21324112,0.22077297,0.5415231
33,ID128,mase,0.5793627,0.65080035,0.6340938,0.6537837,1.3863121
34,ID129,mase,0.44793144,0.6007484,0.4580378,0.422383,1.0529821
35,ID13,mase,0.31151018,0.3065778,0.5383843,0.5245178,0.8026555
36,ID130,mase,0.5450056,0.4546625,0.5505614,0.5636559,1.029827
37,ID131,mase,0.08432688,0.095432,0.14202818,0.074426465,0.17500836
38,ID132,mase,0.30490455,0.3419034,0.27513206,0.2718067,0.57763696
39,ID133,mase,0.949581,0.7657695,0.62551826,0.92851156,0.8791195
40,ID134,mase,0.2351629,0.2644786,0.28760698,0.3014394,0.31434572
41,ID135,mase,0.6154944,0.64596534,0.34387285,0.5448709,0.6894208
42,ID136,mase,1.2315553,0.74161536,0.73069024,1.1231947,0.9007972
43,ID137,mase,0.9727461,0.8613475,0.65330553,0.8301685,1.1285367
44,ID138,mase,0.45678017,0.21405016,0.3966094,0.5380185,0.46416166
45,ID139,mase,0.5194196,0.47996134,0.4192372,0.39786857,1.0228814
46,ID14,mase,0.5240123,0.7341529,0.6726647,0.46234912,1.0370115
47,ID140,mase,0.933424,0.751578,0.7135368,0.7802709,0.9473059
48,ID141,mase,0.91316897,0.612388,0.6351019,0.6362509,0.95985085
49,ID142,mase,0.6280168,0.65808034,0.64141786,0.64995676,0.945696
50,ID143,mase,1.5092882,1.5394125,1.449698,1.3302196,1.2869787
51,ID144,mase,0.45420367,0.41777366,0.31446716,0.39786264,0.5550793
52,ID145,mase,0.82527465,0.8766167,0.93040365,0.7121476,1.4716325
53,ID146,mase,0.07249975,0.06644602,0.06741539,0.068266444,0.11169816
54,ID147,mase,0.13762695,0.11753936,0.10140986,0.1271421,0.19152614
55,ID148,mase,0.37259963,0.5111299,0.2841326,0.3067692,1.0415488
56,ID149,mase,0.5392998,0.42093518,0.34941745,0.3884432,1.43203
57,ID15,mase,1.1635759,1.6605226,0.9793715,0.93684727,0.8359333
58,ID150,mase,0.5907365,0.56255114,0.7070399,0.68239087,0.90287274
59,ID151,mase,0.65936303,0.6846939,0.5840217,0.6422776,1.1220636
60,ID152,mase,0.2667719,0.28657463,0.26443484,0.26715618,0.5964835
61,ID153,mase,0.56450754,0.69634205,0.5952596,0.6966079,0.5706237
62,ID154,mase,0.65560526,0.720834,0.6564361,0.613585,1.073184
63,ID155,mase,0.43450156,0.478841,0.47077498,0.5157449,0.70183736
64,ID156,mase,1.08005,0.934217,0.7867418,0.95428795,1.1611353
65,ID157,mase,0.748588,0.71104306,0.8197485,0.79540527,0.8996155
66,ID158,mase,1.0530823,1.0874466,1.0882791,1.0728874,0.94100225
67,ID159,mase,0.71180815,0.7978366,1.0366702,0.87714726,2.0560734
68,ID16,mase,0.50057864,0.26222515,0.4856887,0.5389466,0.80032974
69,ID160,mase,0.826519,0.93932825,0.8878892,0.9130644,1.3205936
70,ID161,mase,0.70224065,0.53266203,0.40434182,0.5085773,1.0310191
71,ID162,mase,1.1707528,1.2392837,1.0231525,1.3051776,1.3751084
72,ID163,mase,0.77763224,0.8127152,0.6289176,0.68839556,0.76074207
73,ID164,mase,0.42542595,0.629336,0.83974445,0.48128223,0.5951906
74,ID165,mase,0.62581843,0.62118924,0.5457269,0.57989645,0.97735006
75,ID166,mase,0.9315284,0.91041297,0.9627538,0.9955945,1.241668
76,ID167,mase,1.433215,1.0185199,0.9398143,1.0505862,0.7987442
77,ID168,mase,0.9403158,0.9482187,0.88529664,0.91539323,1.5339135
78,ID169,mase,1.0803487,0.85644984,1.127089,0.75871754,1.4593621
79,ID17,mase,0.7136982,0.7252537,0.72289765,0.7272413,1.1358653
80,ID170,mase,1.1334647,1.0860299,0.8997611,0.9889204,1.5368916
81,ID171,mase,0.4414512,0.50106746,0.36664984,0.36463565,0.73976487
82,ID172,mase,0.32325855,0.34404284,0.24505599,0.27608147,0.8389651
83,ID173,mase,0.7162663,0.7355226,0.7880012,0.8415522,1.0020466
84,ID174,mase,0.38692433,0.45371917,0.5450936,0.4077701,1.4367828
85,ID175,mase,1.5160159,1.4366066,1.1157701,1.235019,1.1548647
86,ID176,mase,0.774696,1.05567,0.89668125,1.1119591,1.2027267
87,ID177,mase,0.6454755,0.45881343,0.4123804,0.465519,1.1136727
88,ID178,mase,0.36741525,0.3890201,0.4698048,0.40395465,1.1217127
89,ID179,mase,0.76261777,0.81622124,0.8508699,0.82682204,1.5431168
90,ID18,mase,0.60846436,0.67021173,0.59060454,0.6390246,0.7796873
91,ID180,mase,0.9123422,1.2929591,0.98810476,0.9992805,0.99463487
92,ID181,mase,0.50895965,0.5453986,0.58299,0.5450849,0.82203764
93,ID182,mase,1.9070329e-06,1.4511988e-06,2.6188727e-06,2.5150493e-06,0.0
94,ID183,mase,0.36256382,0.5715407,0.49488115,0.4036079,0.93974406
95,ID184,mase,1.1651466,1.2327887,0.9506959,1.1658393,1.2025986
96,ID185,mase,0.31554267,0.36109367,0.3185206,0.2896188,1.0038869
97,ID186,mase,0.53300303,0.5055105,0.5282439,0.5454269,1.5057918
98,ID187,mase,0.6434938,0.6512419,0.5267236,0.6395835,0.8034799
99,ID188,mase,1.2459666,1.5052993,1.1204951,0.9739049,0.71342474
100,ID189,mase,0.45685124,0.6312499,0.5228289,0.5740899,1.1196634
101,ID19,mase,0.9195694,1.042663,0.86042494,0.8859641,0.45342293
102,ID190,mase,0.35040706,0.3953446,0.35669443,0.36053085,0.40151197
103,ID191,mase,0.27892914,0.22798501,0.24180986,0.2725205,0.39641482
104,ID192,mase,0.5926763,0.38196483,0.39842284,0.48631224,1.2928282
105,ID193,mase,0.3758725,0.32368195,0.35485095,0.39877248,0.36367765
106,ID194,mase,0.47436658,0.48093152,0.42562857,0.5231214,1.0452313
107,ID195,mase,0.7315704,0.6002463,0.5320808,0.77015376,1.056652
108,ID196,mase,0.6730441,0.4705127,0.48374918,0.6359434,0.72119015
109,ID197,mase,0.49596077,0.5893747,0.53562796,0.5801892,1.439859
110,ID198,mase,0.5639609,0.7879593,0.43309715,0.43058214,0.80610764
111,ID199,mase,0.5115514,0.43570098,0.44222143,0.49281257,0.80716705
112,ID2,mase,0.0016501045,0.0063794386,0.008549223,0.0025997804,0.015078185
113,ID20,mase,1.0254111,0.87283134,0.8058784,1.0169407,1.4130143
114,ID200,mase,0.3134611,0.4476288,0.41660392,0.29994643,0.82488734
115,ID201,mase,0.7727276,0.8500208,0.7403447,0.69044614,1.0576973
116,ID202,mase,0.6510859,0.5151521,0.621644,0.73382956,0.7680581
117,ID203,mase,0.63314843,0.64769334,0.43272242,0.6635334,0.71892136
118,ID204,mase,0.7131175,0.6290864,0.55888474,0.69310534,0.9210723
119,ID205,mase,0.46471736,0.42198056,0.4140171,0.51175535,1.5136209
120,ID206,mase,0.58222765,0.34038952,0.43282557,0.53411674,0.6032485
121,ID207,mase,0.21949844,0.3148419,0.25110078,0.21253555,0.49459055
122,ID208,mase,0.45267764,0.47169688,0.6376659,0.55425763,1.4574101
123,ID209,mase,0.62594956,0.63921845,0.74342203,0.55814224,1.8217139
124,ID21,mase,0.5561222,0.5573113,0.58140993,0.5430289,0.9853177
125,ID210,mase,1.1177084,1.162537,1.0968369,1.0810992,1.8107586
126,ID211,mase,0.6080963,0.41684663,0.43871158,0.40867105,0.88792545
127,ID212,mase,0.5091236,0.54024583,0.5752519,0.5148756,0.6616946
128,ID213,mase,0.48660251,0.3640333,0.3442365,0.49993017,0.7742295
129,ID214,mase,0.45194536,0.59514594,0.60419047,0.55539757,0.96871173
130,ID215,mase,0.3588033,0.29135033,0.26311725,0.27524284,0.36454898
131,ID216,mase,0.65283096,0.731083,0.4341878,0.6472232,0.5572085
132,ID217,mase,0.42709035,0.3590074,0.3665363,0.39856222,0.38162243
133,ID218,mase,0.2719785,0.24171424,0.26909092,0.27773768,0.7019471
134,ID219,mase,0.37076843,0.39513874,0.23544323,0.3317358,0.5019455
135,ID22,mase,1.1214868,1.1184503,1.2160311,1.293364,0.9336073
136,ID220,mase,0.63150173,0.56114316,0.49854836,0.51588166,0.73681176
137,ID221,mase,0.86342734,0.8758954,0.7210625,0.9099394,1.3957078
138,ID222,mase,0.41344076,0.38184765,0.22222555,0.30292505,0.58505183
139,ID223,mase,0.55459094,0.51064825,0.48081833,0.48434505,1.3673657
140,ID224,mase,0.35678503,0.31523433,0.36154157,0.37340865,0.7475073
141,ID225,mase,0.2930266,0.25806478,0.22776301,0.24917594,0.5759972
142,ID226,mase,0.51553553,0.5063931,0.44246998,0.48566514,0.50007915
143,ID227,mase,0.56660765,0.6219094,0.6885405,0.4989677,1.1175475
144,ID228,mase,0.3973608,0.4023928,0.36167157,0.36986908,0.63678867
145,ID229,mase,1.4710023,1.1204977,1.2318647,1.296462,1.4082562
146,ID23,mase,1.5512071,1.4863844,1.3089733,1.3767262,0.46635622
147,ID230,mase,0.4957798,0.42865086,0.5435599,0.5518806,0.8706039
148,ID231,mase,0.8297516,0.75997263,0.7089003,0.6887012,1.0449119
149,ID232,mase,0.9862899,1.0106369,0.8050193,0.64991486,0.85030943
150,ID233,mase,0.5576858,0.58659554,0.39341187,0.5288018,0.65106195
151,ID234,mase,0.7493932,0.8070578,0.5857017,0.6305428,0.8783831
152,ID235,mase,0.26023126,0.23274326,0.23140694,0.25097972,0.62988037
153,ID236,mase,0.61933726,0.48310834,0.42781514,0.6198448,0.58180934
154,ID237,mase,0.59179646,0.5775734,0.5138473,0.57473314,0.63979405
155,ID238,mase,0.7816598,0.9096402,0.88318247,0.8178268,1.061764
156,ID239,mase,0.5420948,0.5936919,0.65602005,0.44437262,1.1878848
157,ID24,mase,0.59766424,0.6641201,0.5527028,0.6106731,0.4862995
158,ID240,mase,0.36198893,0.35297146,0.29897103,0.37121376,0.78775513
159,ID241,mase,0.28524575,0.20818524,0.17108776,0.222947,0.3842572
160,ID242,mase,1.0460603,1.1179223,0.7746982,0.99133515,1.0892637
161,ID243,mase,1.409807,1.1762251,0.9309042,1.0418915,0.995888
162,ID244,mase,0.27600443,0.27708784,0.2288578,0.32389218,0.51737213
163,ID245,mase,0.5007505,0.71153706,0.49998733,0.37932453,2.484344
164,ID246,mase,0.8475496,0.57289106,0.71953034,0.98032415,1.4183849
165,ID247,mase,0.21225211,0.18400541,0.20619074,0.28131193,0.4972494
166,ID248,mase,0.49857605,0.5192356,0.5153007,0.55888003,1.1713046
167,ID249,mase,0.696511,0.62702394,0.45768392,0.6211083,1.0165219
168,ID25,mase,1.5408325,1.6290276,1.5662621,1.5136234,0.6289827
169,ID250,mase,0.63512367,0.3865746,0.5160761,0.4713837,0.7334962
170,ID251,mase,0.38137144,0.23519053,0.24266033,0.28527507,0.5789507
171,ID252,mase,0.5403731,0.67471224,0.63121694,0.59763795,1.0167322
172,ID253,mase,0.5673906,0.37334564,0.4961848,0.48042446,0.8125204
173,ID254,mase,0.31594124,0.3858999,0.32419178,0.32623824,1.0575684
174,ID255,mase,0.5186152,0.5163558,0.4562075,0.47314367,0.6966489
175,ID256,mase,0.6301447,0.7755174,0.71432346,0.638142,0.74193734
176,ID257,mase,0.8321949,0.96642965,0.7935796,0.73449355,1.1585226
177,ID258,mase,0.53173393,0.75863343,0.6593523,0.55327535,0.7295237
178,ID259,mase,0.6552,0.5776261,0.5537195,0.60297143,0.81774676
179,ID26,mase,0.57483524,0.5421123,0.5510231,0.5966675,0.88835186
180,ID260,mase,0.59902364,0.7742601,0.6568888,0.64273864,1.903288
181,ID261,mase,0.40770757,0.564372,0.41565192,0.39266726,0.87653154
182,ID262,mase,1.1434169,0.98173,0.91713697,0.95244926,0.7922941
183,ID263,mase,0.6458691,0.65814936,0.46930555,0.57215285,0.7723709
184,ID264,mase,0.5457366,0.5244192,0.5575681,0.65156657,0.9681684
185,ID265,mase,0.43562514,0.33947343,0.29874256,0.3928454,0.7701515
186,ID266,mase,0.84761107,0.72716254,0.7201874,0.7735772,1.1470886
187,ID267,mase,0.2602321,0.30418065,0.18787475,0.24231175,0.3296627
188,ID268,mase,0.6126939,0.6241473,0.6427121,0.6555518,0.7120867
189,ID269,mase,0.4958239,0.6054692,0.45376882,0.46479917,0.960162
190,ID27,mase,0.5693388,0.4331701,0.53847605,0.665818,1.2647165
191,ID270,mase,0.113491155,0.17344604,0.10854743,0.15074016,0.56860805
192,ID271,mase,0.3754771,0.36411375,0.4693025,0.5510934,0.6648587
193,ID272,mase,0.7214826,0.8338034,0.90498185,0.8459362,1.5293657
194,ID273,mase,0.4064332,0.3545592,0.3202563,0.3052314,0.5920491
195,ID274,mase,0.54839987,0.47940296,0.7791284,0.6232037,0.8173934
196,ID275,mase,1.1919382,1.143396,1.2228415,1.0055352,1.5159123
197,ID276,mase,0.3622128,0.35406646,0.39355892,0.40043435,0.83510005
198,ID277,mase,0.30812952,0.30873203,0.2895691,0.25515535,0.36976835
199,ID278,mase,0.59226483,0.5975327,0.6398889,0.8001165,0.9008759
200,ID279,mase,0.2787514,0.26700097,0.29852316,0.28623882,0.8697527
201,ID28,mase,0.26841828,0.42374033,0.2881732,0.32439443,0.7098187
202,ID280,mase,0.32147366,0.3447454,0.3620854,0.37078652,0.728861
203,ID281,mase,0.8622127,0.7799839,0.7692354,0.60285896,0.61224145
204,ID282,mase,1.0472324,0.99303025,1.3261524,0.9163929,2.3941286
205,ID283,mase,0.73327404,0.68758774,0.79423463,0.86804605,1.6588392
206,ID284,mase,0.3492533,0.2835792,0.16759165,0.18679339,0.5275082
207,ID285,mase,0.46258557,0.49539983,0.47701547,0.48157743,0.4394536
208,ID286,mase,1.0946432,1.11714,1.0843856,1.1771721,0.99580705
209,ID287,mase,0.79341286,0.8175945,0.79906464,0.8628121,1.6748985
210,ID288,mase,0.7044567,0.80507743,0.70962846,0.6689211,1.1815081
211,ID289,mase,1.5856329,1.5636784,1.6443063,1.6074721,1.9980955
212,ID29,mase,1.2279688,1.1669554,1.2119266,1.2564279,1.3591309
213,ID290,mase,0.7526397,0.69816697,0.7381914,0.7396822,1.5211715
214,ID291,mase,0.7505499,0.73253644,0.7115552,0.82045245,0.89357543
215,ID292,mase,0.6968304,0.7666134,0.88598377,0.7424473,1.863221
216,ID293,mase,0.21794654,0.21388967,0.2235242,0.2408073,0.43988168
217,ID294,mase,1.1202791,1.2708483,1.2232847,1.2302666,1.5424609
218,ID295,mase,0.8909368,0.7387041,0.88545793,1.0511969,0.7659248
219,ID296,mase,1.2652895,1.074635,1.1412449,1.2231343,2.5863383
220,ID297,mase,0.8487766,0.9732677,0.95685995,0.9525913,2.7496226
221,ID298,mase,0.63285714,0.6465353,0.6525008,0.6550853,0.65854067
222,ID299,mase,0.116990946,0.10812322,0.11633041,0.11973228,0.8545669
223,ID3,mase,0.14335217,0.13957433,0.15376952,0.18936758,0.30862796
224,ID30,mase,0.8253755,1.0476891,0.7978456,0.9066463,0.97657764
225,ID300,mase,0.75734,0.7277799,0.75667596,0.83126056,0.8813437
226,ID301,mase,0.68297666,0.73526126,0.6816967,0.61110383,1.4549522
227,ID302,mase,0.62664163,0.69476706,0.46201053,0.5064497,0.6837041
228,ID303,mase,0.48414993,0.50653654,0.60344887,0.510239,1.1322813
229,ID304,mase,0.42712778,0.45269048,0.4717838,0.30788642,0.76196927
230,ID305,mase,1.0927062,1.0898314,1.1052454,1.1627349,1.0758375
231,ID306,mase,1.1293792,1.2110566,0.91364235,1.1033913,1.1899637
232,ID307,mase,2.6456318,2.5363154,2.71706,2.5510678,2.5110826
233,ID308,mase,0.3512466,0.39649168,0.30372742,0.39552587,0.6206828
234,ID309,mase,0.7110377,0.708372,0.6204412,0.6774785,1.0614728
235,ID31,mase,0.6247323,0.97196686,0.7504833,0.5515471,0.99192864
236,ID310,mase,0.36684498,0.39690372,0.37345827,0.39050055,0.7120576
237,ID311,mase,0.39341357,0.3858395,0.31503478,0.38391265,0.9479013
238,ID312,mase,2.0083163,1.931493,1.9802871,1.8714962,1.8682058
239,ID313,mase,0.8576081,0.8432145,0.7769996,0.7786478,0.95458466
240,ID314,mase,0.32340166,0.3060299,0.3470034,0.3417678,1.4854314
241,ID315,mase,0.3717017,0.28828812,0.356294,0.33959797,0.60687613
242,ID316,mase,1.3048974,1.3019378,1.3633729,1.354105,1.6420692
243,ID317,mase,0.5056468,0.50817955,0.50671864,0.5251348,0.7781133
244,ID318,mase,0.828017,1.3802772,0.7302543,0.68142766,0.34611017
245,ID319,mase,0.54065615,0.6914972,0.7075888,0.47900733,1.0822363
246,ID32,mase,0.3235478,0.45718738,0.110624634,0.33265412,1.9997895
247,ID320,mase,0.64731294,0.6999336,0.67163354,0.6503755,0.77260256
248,ID33,mase,0.7714336,1.0030797,0.583907,0.4569199,1.2552569
249,ID34,mase,0.19684117,0.2080962,0.1982292,0.22260763,0.90038556
250,ID35,mase,1.8188622,2.2148845,1.7065331,1.4682766,0.3711838
251,ID36,mase,0.83319944,0.9278176,0.7941096,0.84804994,0.76990503
252,ID37,mase,0.95729727,0.967872,0.8116156,0.85280365,0.8661413
253,ID38,mase,0.85534674,0.87189025,0.8192737,0.83947116,1.0591899
254,ID39,mase,1.3738577,1.5079088,1.2085708,1.2385082,0.78573436
255,ID4,mase,0.32320848,0.34812602,0.29739517,0.35835773,0.7301025
256,ID40,mase,0.36884853,0.4026498,0.35849807,0.32756615,0.3283817
257,ID41,mase,1.0177896,1.168141,0.86033666,0.95296395,0.61067945
258,ID42,mase,0.517097,0.73713213,0.5268529,0.54774255,0.965863
259,ID43,mase,0.17273326,0.19200325,0.22751443,0.15562616,0.5677233
260,ID44,mase,0.688899,0.7696626,0.44038594,0.69471925,0.871308
261,ID45,mase,0.3816751,0.7393805,0.34786886,0.28983846,0.6863879
262,ID46,mase,0.48368707,0.6048365,0.408101,0.5397399,0.36502853
263,ID47,mase,0.2564159,0.3949341,0.366808,0.29301253,1.1497
264,ID48,mase,0.50686276,0.50143236,0.5862771,0.5442931,0.683883
265,ID49,mase,1.0152558,1.4458243,0.8703366,1.0562631,1.0752491
266,ID5,mase,0.56256026,0.59366673,0.50708145,0.5181895,0.92553174
267,ID50,mase,0.36986855,0.67221797,0.36145297,0.3715632,1.214929
268,ID51,mase,0.31882057,0.4699358,0.3729942,0.39892256,1.0333865
269,ID52,mase,0.63973933,0.6101712,0.6346187,0.5516774,0.7542256
270,ID53,mase,0.6355365,0.6358561,0.6021423,0.7170737,0.8805478
271,ID54,mase,0.21095236,0.26894122,0.21870337,0.21507996,0.5048841
272,ID55,mase,0.6175989,0.36376375,0.7835579,0.673137,0.8575211
273,ID56,mase,0.59212595,0.46441293,0.6374361,0.5245987,0.816769
274,ID57,mase,0.23282194,0.26647514,0.2772789,0.17249052,0.5471446
275,ID58,mase,0.9846314,1.2873706,0.9169392,0.9576066,1.3091004
276,ID59,mase,0.07256138,0.051154684,0.06636143,0.07356075,0.10767942
277,ID6,mase,2.456885,1.8804326,2.2097228,2.06867,1.662982
278,ID60,mase,0.23480101,0.3509597,0.26706517,0.2619767,1.2307413
279,ID61,mase,0.4975675,0.5115679,0.4959106,0.53205323,0.74332863
280,ID62,mase,0.30743873,0.3319965,0.3633943,0.28133547,0.91137534
281,ID63,mase,0.923422,0.88674784,0.8406726,0.8158665,0.49741524
282,ID64,mase,1.2553928,1.3479564,1.4492024,1.4062214,1.454434
283,ID65,mase,0.36271143,0.42056182,0.32441178,0.39223585,1.0567635
284,ID66,mase,0.7223243,0.70902014,0.6616713,0.69129866,0.8924047
285,ID67,mase,0.36419666,0.34611717,0.32794133,0.35133153,0.5028637
286,ID68,mase,1.6583252,1.6794614,1.625545,1.64407,1.1209999
287,ID69,mase,0.14768223,0.1623691,0.14783305,0.17589973,0.21192816
288,ID7,mase,0.8889003,1.4755862,1.1424369,0.83635944,1.4614636
289,ID70,mase,0.732714,0.63089466,0.7730959,0.76978695,0.9811699
290,ID71,mase,0.8255866,0.9405098,0.606883,0.6263029,0.82333595
291,ID72,mase,0.6626128,0.85550535,0.54937804,0.56693053,0.6177479
292,ID73,mase,0.3911952,0.44736987,0.41229203,0.4263146,0.45554706
293,ID74,mase,0.5165649,0.4610041,0.4031823,0.47707006,0.47022697
294,ID75,mase,1.5632575,1.4161444,1.583607,1.665015,3.1246302
295,ID76,mase,0.63947767,0.66195744,0.5297072,0.63240147,0.3549234
296,ID77,mase,0.47950992,0.67272234,0.7629127,0.6631659,0.9065805
297,ID78,mase,0.60233206,0.5422583,0.60330176,0.61507297,1.1950785
298,ID79,mase,1.0325578,1.0378106,1.0188742,0.9437882,1.0224419
299,ID8,mase,1.6059936,1.5506855,1.3255317,1.6157404,1.1307452
300,ID80,mase,0.60020393,0.6168184,0.52630174,0.62532985,0.6679552
301,ID81,mase,2.8188183,2.710902,2.8925729,2.6927817,0.5073725
302,ID82,mase,0.5296829,0.5085938,0.84793246,0.5927411,1.875705
303,ID83,mase,0.5789379,0.5203404,0.6149878,0.5542614,1.0994383
304,ID84,mase,1.8870058,1.8285997,1.5908463,1.7560277,0.77499485
305,ID85,mase,0.46379116,0.47319397,0.5128382,0.5700948,0.46285254
306,ID86,mase,0.37701783,0.35516113,0.35397333,0.37508154,0.5144858
307,ID87,mase,2.6988237,2.6759112,2.6664457,2.5078843,0.22081468
308,ID88,mase,0.33306387,0.3468729,0.28417557,0.32346138,0.74004424
309,ID89,mase,1.2255548,0.91825825,0.94686234,0.8355146,1.5212287
310,ID9,mase,0.58773917,0.55942893,0.6400604,0.6124285,0.48102295
311,ID90,mase,0.63578457,0.64380705,0.7125732,0.7524648,2.049318
312,ID91,mase,0.481962,0.5921981,0.55738884,0.56378216,1.8939593
313,ID92,mase,0.53729016,0.4547819,0.46683574,0.53384054,0.5817407
314,ID93,mase,0.6461293,0.6656727,0.58856845,0.64167315,1.3564384
315,ID94,mase,1.1063905,1.0871326,0.8750878,0.8446337,0.7686974
316,ID95,mase,1.0296032,1.066185,1.1421595,1.0826864,1.0350243
317,ID96,mase,3.9827995,4.0442333,3.7931232,3.659697,1.706084
318,ID97,mase,0.29217875,0.35986736,0.32853296,0.3450621,0.39815575
319,ID98,mase,1.223334,1.4158496,1.1371658,1.1697407,0.6807398
320,ID99,mase,0.7942645,0.6209103,0.7244919,0.64704025,1.3008499
321,ID0,smape,0.444676,0.44501194,0.45396295,0.45415518,0.47445586
322,ID1,smape,0.038801953,0.04601561,0.04109019,0.03850871,0.035902444
323,ID10,smape,0.05925751,0.060441583,0.048690256,0.05349651,0.020242656
324,ID100,smape,0.01861499,0.017012972,0.019135786,0.020018334,0.033183083
325,ID101,smape,0.018027576,0.016481575,0.01925595,0.019096559,0.021524535
326,ID102,smape,0.015906557,0.012964857,0.010909948,0.015198792,0.016577382
327,ID103,smape,0.08647957,0.0758883,0.07413781,0.072360076,0.07068504
328,ID104,smape,0.26320195,0.2783297,0.276065,0.26763466,0.3255794
329,ID105,smape,0.06217882,0.059318706,0.06552844,0.062403217,0.05629629
330,ID106,smape,0.114501566,0.11044533,0.11264753,0.11026344,0.10990105
331,ID107,smape,0.04396746,0.04585817,0.043904115,0.043379698,0.073149785
332,ID108,smape,0.031942997,0.029123342,0.022551678,0.027270352,0.02382348
333,ID109,smape,0.024852967,0.029985601,0.03354883,0.024706414,0.02474125
334,ID11,smape,0.044747423,0.04035544,0.037781347,0.043392327,0.062003657
335,ID110,smape,0.016811598,0.021112785,0.013714493,0.018824415,0.029022152
336,ID111,smape,0.035093218,0.029052475,0.03380161,0.030832462,0.025573283
337,ID112,smape,0.04065736,0.04379509,0.039749347,0.041954976,0.034524154
338,ID113,smape,0.16574061,0.17243004,0.16251059,0.18098365,0.1596474
339,ID114,smape,0.09471262,0.10424589,0.08498344,0.08035343,0.11694953
340,ID115,smape,0.19378245,0.27022085,0.31659254,0.24281622,0.14420296
341,ID116,smape,0.016597692,0.018623633,0.02830244,0.04199313,0.043051105
342,ID117,smape,0.011413138,0.009211027,0.0072118607,0.007490069,0.006082577
343,ID118,smape,0.023057481,0.024305949,0.017160086,0.026767107,0.027856572
344,ID119,smape,0.00688833,0.0038188577,0.0038957235,0.0081874775,0.016287401
345,ID12,smape,0.03002728,0.029419675,0.030278401,0.025209246,0.019017937
346,ID120,smape,0.008527467,0.011177559,0.009743675,0.0065102433,0.010137952
347,ID121,smape,0.007789601,0.006154191,0.0062204744,0.0073565356,0.016613085
348,ID122,smape,0.036292393,0.031572606,0.028242575,0.031748,0.036578115
349,ID123,smape,0.0181925,0.01760154,0.02001723,0.019847019,0.031041643
350,ID124,smape,0.07214653,0.066415355,0.071313284,0.077318676,0.14968519
351,ID125,smape,0.01438688,0.017645229,0.010678525,0.01293297,0.032817055
352,ID126,smape,0.030627018,0.031012228,0.030687576,0.031397227,0.0313053
353,ID127,smape,0.023986848,0.022996008,0.020326318,0.021142865,0.050336838
354,ID128,smape,0.036045324,0.04074594,0.04025987,0.041418005,0.0923653
355,ID129,smape,0.024449864,0.033368096,0.025112363,0.023501212,0.0703409
356,ID13,smape,0.015182793,0.01488274,0.026812648,0.026030248,0.03670874
357,ID130,smape,0.075667806,0.06416422,0.07651789,0.07872255,0.1295224
358,ID131,smape,0.0073682363,0.008335693,0.01232051,0.0065093264,0.01523763
359,ID132,smape,0.019628791,0.021943113,0.017684659,0.01750836,0.037461568
360,ID133,smape,0.026793832,0.021372007,0.01742088,0.026167816,0.024107797
361,ID134,smape,0.022545746,0.025295243,0.0274574,0.028707758,0.030569887
362,ID135,smape,0.010467422,0.010959558,0.005790168,0.009217067,0.011480532
363,ID136,smape,0.024520062,0.014499123,0.014300351,0.022260144,0.017844496
364,ID137,smape,0.025475988,0.022297626,0.016887126,0.021677913,0.029395143
365,ID138,smape,0.021535987,0.009885968,0.018662484,0.02548173,0.02203696
366,ID139,smape,0.01868566,0.017157162,0.014931166,0.014242643,0.035133485
367,ID14,smape,0.012534662,0.017410222,0.015974537,0.011088323,0.02427122
368,ID140,smape,0.030806346,0.024604762,0.023191223,0.02558762,0.03122137
369,ID141,smape,0.030293085,0.020114342,0.020786973,0.020835847,0.03028573
370,ID142,smape,0.020288078,0.021206846,0.020868639,0.021075768,0.029923024
371,ID143,smape,0.0592133,0.06025211,0.057100136,0.05278607,0.051195562
372,ID144,smape,0.019483285,0.017795721,0.013322054,0.01699233,0.023334024
373,ID145,smape,0.028909853,0.030624315,0.032400306,0.025038019,0.050231148
374,ID146,smape,0.021382248,0.01968279,0.019853706,0.020141099,0.03294789
375,ID147,smape,0.0132564185,0.011280119,0.009703644,0.012195329,0.018170485
376,ID148,smape,0.011858582,0.016122146,0.00907845,0.009814446,0.031952616
377,ID149,smape,0.0259874,0.02008127,0.016561,0.01844342,0.06161071
378,ID15,smape,0.05041559,0.07039962,0.042496145,0.040966887,0.035117168
379,ID150,smape,0.012774874,0.012126754,0.015164942,0.014641233,0.019444859
380,ID151,smape,0.019642869,0.02025594,0.017289532,0.019060677,0.033349413
381,ID152,smape,0.014638572,0.01571196,0.01458998,0.014701909,0.031768616
382,ID153,smape,0.026301011,0.032982096,0.027823942,0.032739047,0.026928196
383,ID154,smape,0.021628799,0.023723984,0.021685222,0.020287829,0.03417453
384,ID155,smape,0.020013208,0.021938791,0.02148884,0.023547025,0.03319039
385,ID156,smape,0.024189338,0.02082686,0.017454376,0.021274636,0.025241988
386,ID157,smape,0.026401237,0.025553495,0.029082173,0.028147912,0.032939844
387,ID158,smape,0.031778336,0.032805275,0.03259298,0.03235585,0.027911233
388,ID159,smape,0.01612082,0.01792924,0.023212736,0.019737741,0.04348515
389,ID16,smape,0.018870594,0.009786185,0.018304523,0.0203526,0.028845878
390,ID160,smape,0.0259573,0.029128322,0.027581543,0.028475381,0.04022478
391,ID161,smape,0.022607317,0.017034305,0.012785015,0.016197657,0.031598587
392,ID162,smape,0.02916353,0.030982956,0.025340846,0.03268034,0.0344186
393,ID163,smape,0.023484265,0.024686148,0.019003637,0.02084908,0.023148423
394,ID164,smape,0.008537926,0.012529929,0.016713912,0.0096587315,0.011799727
395,ID165,smape,0.017792588,0.017483769,0.015493055,0.016516263,0.026919669
396,ID166,smape,0.026634475,0.026042944,0.027408192,0.028358705,0.034447838
397,ID167,smape,0.03663384,0.025864618,0.02363119,0.0265726,0.019988993
398,ID168,smape,0.026873482,0.027071076,0.025230715,0.026077189,0.042440906
399,ID169,smape,0.03911441,0.03128083,0.040740732,0.027797118,0.051926587
400,ID17,smape,0.039210595,0.039779734,0.039673362,0.039913084,0.06275744
401,ID170,smape,0.029767737,0.028237022,0.023466235,0.025907772,0.03991297
402,ID171,smape,0.011878289,0.013312389,0.009664131,0.009732895,0.019369375
403,ID172,smape,0.009664361,0.010299644,0.00723394,0.008140235,0.02406449
404,ID173,smape,0.02174822,0.02235257,0.023753846,0.025453163,0.029085526
405,ID174,smape,0.01221949,0.014186793,0.017104289,0.012800681,0.04300106
406,ID175,smape,0.038942922,0.03696946,0.028153688,0.03131641,0.02704618
407,ID176,smape,0.018603854,0.025140902,0.020908633,0.026035897,0.026959835
408,ID177,smape,0.018848283,0.013213941,0.011921168,0.013452915,0.030494532
409,ID178,smape,0.04167686,0.044086754,0.052563105,0.045655772,0.114472486
410,ID179,smape,0.020044886,0.02133286,0.02235703,0.021599995,0.03930839
411,ID18,smape,0.020205848,0.022173956,0.019635512,0.021174207,0.025625115
412,ID180,smape,0.021788212,0.031000411,0.02364632,0.023755543,0.023940114
413,ID181,smape,0.012214679,0.0132092275,0.014027988,0.013133199,0.020063842
414,ID182,smape,1.0,1.0,1.0,1.0,0.0
415,ID183,smape,0.012479835,0.019464822,0.017169794,0.013680406,0.029995622
416,ID184,smape,0.029029781,0.03079699,0.023612646,0.029253602,0.030665109
417,ID185,smape,0.014816965,0.016813066,0.014772404,0.013559233,0.04462524
418,ID186,smape,0.014128368,0.0134472465,0.013880118,0.01433035,0.037936106
419,ID187,smape,0.011220321,0.011367564,0.009134251,0.011115753,0.014015395
420,ID188,smape,0.04156434,0.049972177,0.03799612,0.032883093,0.022911333
421,ID189,smape,0.012830255,0.017830418,0.01473754,0.01611263,0.029214786
422,ID19,smape,0.0508839,0.05668268,0.048029426,0.049314704,0.026009476
423,ID190,smape,0.011353195,0.012791467,0.011587471,0.011719366,0.012911767
424,ID191,smape,0.014836982,0.012079566,0.012703385,0.014381218,0.020343395
425,ID192,smape,0.015295516,0.009732281,0.010168194,0.012445723,0.031253908
426,ID193,smape,0.020602925,0.017762864,0.019388366,0.021808065,0.021236524
427,ID194,smape,0.016538708,0.016810657,0.014686928,0.01814415,0.034801517
428,ID195,smape,0.017050149,0.013878326,0.012313104,0.017998869,0.024945667
429,ID196,smape,0.019888328,0.013803978,0.014124225,0.018641109,0.02054061
430,ID197,smape,0.017140768,0.020363629,0.018505385,0.019973574,0.04617837
431,ID198,smape,0.021368517,0.029430715,0.016570212,0.016372822,0.029140146
432,ID199,smape,0.019364541,0.016291292,0.016476884,0.018434899,0.03137825
433,ID2,smape,0.0016418542,0.006311593,0.008437829,0.0026024121,0.014771792
434,ID20,smape,0.042467773,0.035864737,0.03298864,0.04208997,0.059900388
435,ID200,smape,0.013457437,0.019146279,0.017834378,0.012887211,0.033368107
436,ID201,smape,0.026791362,0.029346136,0.025839912,0.024151146,0.035078686
437,ID202,smape,0.02065232,0.016088894,0.019303175,0.023084521,0.023421548
438,ID203,smape,0.012199637,0.012413488,0.0082627,0.012802381,0.013878892
439,ID204,smape,0.017073698,0.01491537,0.013354377,0.016711185,0.022131456
440,ID205,smape,0.016819244,0.015233354,0.014915933,0.01835264,0.049920496
441,ID206,smape,0.01955197,0.011317261,0.0143535165,0.017808095,0.019801628
442,ID207,smape,0.023338335,0.03310824,0.026598359,0.02264896,0.047911596
443,ID208,smape,0.012964596,0.013423517,0.018034877,0.015742566,0.039804853
444,ID209,smape,0.015640248,0.015918633,0.018454624,0.013956443,0.042924434
445,ID21,smape,0.032963123,0.0330387,0.034447186,0.032079767,0.055730302
446,ID210,smape,0.05065952,0.052351404,0.049825054,0.049223706,0.07606194
447,ID211,smape,0.020633504,0.013810654,0.014705323,0.013707985,0.028624987
448,ID212,smape,0.01252927,0.013156739,0.013984582,0.012584073,0.015992193
449,ID213,smape,0.016192803,0.012047206,0.011393823,0.01664794,0.02506412
450,ID214,smape,0.014760884,0.019089924,0.019504191,0.017940199,0.030185305
451,ID215,smape,0.01186614,0.009520569,0.008625484,0.009066368,0.011941039
452,ID216,smape,0.01944985,0.021861643,0.0127917165,0.01926199,0.016312066
453,ID217,smape,0.040373508,0.03364587,0.034342676,0.03749142,0.03567187
454,ID218,smape,0.011133927,0.009901877,0.011048548,0.011351592,0.029234638
455,ID219,smape,0.022423958,0.023822146,0.014002974,0.020040143,0.030737361
456,ID22,smape,0.03185397,0.03181082,0.034611147,0.036958706,0.026199343
457,ID220,smape,0.023889199,0.021027977,0.018666288,0.019360432,0.02792354
458,ID221,smape,0.030311564,0.030691378,0.025190309,0.032102715,0.050208095
459,ID222,smape,0.018355997,0.016832149,0.00972727,0.013337433,0.024547292
460,ID223,smape,0.016531559,0.015135636,0.014245551,0.01437828,0.03850628
461,ID224,smape,0.018689819,0.016450854,0.019013284,0.01959926,0.037654284
462,ID225,smape,0.020860294,0.018250495,0.016153762,0.017695745,0.03805406
463,ID226,smape,0.017318113,0.017000506,0.014913176,0.01636681,0.01650327
464,ID227,smape,0.01565531,0.017089965,0.018903665,0.013807345,0.030208847
465,ID228,smape,0.013479065,0.013622605,0.012241468,0.012559143,0.021352872
466,ID229,smape,0.035812765,0.026894478,0.029470587,0.031267438,0.034110606
467,ID23,smape,0.09730073,0.093586296,0.08354429,0.087399416,0.032335814
468,ID230,smape,0.017031634,0.014721852,0.01887952,0.01901244,0.029591369
469,ID231,smape,0.016522827,0.015081242,0.01406033,0.013708371,0.020555332
470,ID232,smape,0.023215098,0.02374732,0.019107157,0.015445198,0.020186108
471,ID233,smape,0.018817967,0.019841611,0.013080336,0.017814385,0.021230295
472,ID234,smape,0.019395603,0.020677274,0.015363072,0.016685814,0.02299718
473,ID235,smape,0.009655829,0.008552086,0.008536493,0.00925487,0.022318324
474,ID236,smape,0.019323185,0.014943558,0.013212982,0.019324109,0.01798459
475,ID237,smape,0.021434972,0.020835554,0.01858796,0.02081337,0.022792265
476,ID238,smape,0.027484348,0.031838607,0.030959947,0.028725332,0.036567885
477,ID239,smape,0.012082153,0.013237338,0.014606568,0.009929149,0.025996894
478,ID24,smape,0.022647634,0.025031634,0.020974005,0.023079833,0.018955158
479,ID240,smape,0.012147917,0.011795255,0.009977857,0.012456951,0.025407104
480,ID241,smape,0.018652905,0.013477813,0.010961302,0.014466076,0.024702245
481,ID242,smape,0.014043696,0.01501435,0.010404077,0.013376892,0.014517306
482,ID243,smape,0.0414871,0.03433188,0.026780212,0.030350944,0.02842999
483,ID244,smape,0.010072795,0.010088155,0.008331551,0.011841704,0.018468255
484,ID245,smape,0.055919643,0.08183466,0.055455077,0.041483656,0.36804768
485,ID246,smape,0.04775107,0.031699512,0.040534396,0.05550768,0.08298139
486,ID247,smape,0.012194457,0.010550517,0.011959858,0.016147306,0.026940042
487,ID248,smape,0.02169382,0.022621544,0.022434175,0.024281396,0.048585217
488,ID249,smape,0.020913148,0.018665422,0.0135624185,0.018608393,0.031016117
489,ID25,smape,0.079208106,0.08235162,0.08010347,0.07822517,0.03290658
490,ID250,smape,0.029833466,0.017837284,0.024050614,0.021894896,0.032798287
491,ID251,smape,0.019948812,0.012183617,0.012510481,0.014746349,0.028543571
492,ID252,smape,0.018339824,0.022786902,0.021367997,0.02024022,0.03332854
493,ID253,smape,0.020436088,0.013203148,0.017948916,0.017132897,0.029554
494,ID254,smape,0.009951038,0.01201944,0.010129668,0.01021181,0.03170894
495,ID255,smape,0.035319917,0.035350148,0.03062149,0.032211468,0.04769322
496,ID256,smape,0.016572999,0.020446585,0.018795874,0.016741036,0.019359834
497,ID257,smape,0.018808134,0.021589922,0.01800664,0.016717197,0.025338233
498,ID258,smape,0.021113949,0.029758468,0.02604208,0.021922015,0.028684074
499,ID259,smape,0.024213424,0.021092774,0.020335931,0.022308819,0.029157879
500,ID26,smape,0.01952912,0.01841058,0.018744482,0.020268448,0.029544642
501,ID260,smape,0.023608811,0.030340632,0.025833145,0.02532196,0.06930798
502,ID261,smape,0.015175202,0.02079994,0.015433996,0.014639101,0.030991612
503,ID262,smape,0.03345044,0.028477915,0.026556574,0.02761411,0.022141801
504,ID263,smape,0.020268995,0.020599307,0.014554225,0.01787767,0.024044694
505,ID264,smape,0.023420043,0.022469128,0.023929477,0.027899394,0.039605077
506,ID265,smape,0.018731352,0.01448217,0.0127175115,0.016819166,0.03159434
507,ID266,smape,0.02686525,0.022771217,0.022569492,0.024274498,0.035341308
508,ID267,smape,0.009015099,0.010504114,0.006496104,0.008398316,0.011458016
509,ID268,smape,0.018938875,0.019270377,0.019686734,0.02017563,0.022458525
510,ID269,smape,0.01551763,0.01870961,0.014148176,0.014574056,0.028791405
511,ID27,smape,0.022036366,0.016493924,0.020803893,0.025990494,0.050764903
512,ID270,smape,0.011241359,0.016480802,0.010548013,0.014790662,0.0505166
513,ID271,smape,0.013440978,0.013053366,0.01692457,0.019952789,0.024310986
514,ID272,smape,0.01982846,0.022820272,0.024862079,0.023210818,0.040045336
515,ID273,smape,0.012720163,0.011098531,0.010059216,0.009669581,0.017929958
516,ID274,smape,0.011777912,0.010339499,0.016779099,0.01332146,0.0175889
517,ID275,smape,0.02884951,0.02772897,0.029726222,0.024519878,0.036254715
518,ID276,smape,0.01402121,0.0136930635,0.015212816,0.015295487,0.030310119
519,ID277,smape,0.011442472,0.011492062,0.010790194,0.009485197,0.013311853
520,ID278,smape,0.016835077,0.016969303,0.018229092,0.023000984,0.026435202
521,ID279,smape,0.010720036,0.010233241,0.011574506,0.010950997,0.032435637
522,ID28,smape,0.011543315,0.01816802,0.012385753,0.01393979,0.029872542
523,ID280,smape,0.014543909,0.015473665,0.016160263,0.016603243,0.031495433
524,ID281,smape,0.027403949,0.0248551,0.024678655,0.019452972,0.019964205
525,ID282,smape,0.02946359,0.028010277,0.036981363,0.025899207,0.064523295
526,ID283,smape,0.020168,0.018924182,0.021667393,0.02367135,0.04244506
527,ID284,smape,0.025287509,0.020207902,0.011764581,0.013306532,0.035707023
528,ID285,smape,0.027084636,0.028938567,0.027955944,0.028249128,0.025672697
529,ID286,smape,0.113584004,0.11558352,0.11269351,0.120869435,0.10203918
530,ID287,smape,0.060387198,0.061253328,0.060293987,0.06456485,0.112259425
531,ID288,smape,0.04911344,0.055508364,0.04948622,0.046919197,0.0758943
532,ID289,smape,0.06381249,0.06313206,0.06603192,0.064605124,0.08083148
533,ID29,smape,0.13920102,0.13287221,0.13748,0.14257151,0.13398251
534,ID290,smape,0.028142339,0.026049875,0.027790867,0.027630722,0.05475737
535,ID291,smape,0.038274024,0.037340187,0.036058757,0.04193501,0.044257436
536,ID292,smape,0.015613187,0.017180586,0.019876763,0.016671987,0.040255096
537,ID293,smape,0.019873379,0.01955463,0.020435521,0.021966225,0.040624227
538,ID294,smape,0.05486955,0.06055901,0.058096882,0.058451314,0.07361662
539,ID295,smape,0.055856075,0.045898218,0.05503272,0.066366576,0.04675707
540,ID296,smape,0.035065737,0.029945232,0.0318148,0.03397138,0.06911222
541,ID297,smape,0.031294834,0.03571267,0.03503725,0.03496036,0.091795266
542,ID298,smape,0.5922701,0.56716055,0.60291225,0.61271214,0.5833333
543,ID299,smape,0.06763903,0.0646987,0.06695592,0.069098614,0.3204452
544,ID3,smape,0.009280394,0.009057098,0.009934572,0.012210357,0.020434013
545,ID30,smape,0.048489433,0.061891954,0.047480043,0.053870756,0.057219002
546,ID300,smape,0.03798757,0.036604874,0.037506502,0.04161938,0.04279333
547,ID301,smape,0.05529428,0.05921525,0.055242613,0.050043937,0.1048122
548,ID302,smape,0.02990085,0.032792337,0.022537813,0.024780301,0.030973956
549,ID303,smape,0.066501774,0.0685439,0.08107515,0.06950985,0.1347592
550,ID304,smape,0.013494305,0.014297535,0.01489932,0.009817157,0.023437472
551,ID305,smape,0.06834871,0.06889385,0.069208406,0.0722534,0.07366816
552,ID306,smape,0.02430436,0.026108695,0.019495932,0.023701722,0.02524086
553,ID307,smape,0.39719236,0.3908125,0.40232667,0.39198837,0.3881012
554,ID308,smape,0.017418282,0.019719692,0.014961784,0.019668462,0.029507121
555,ID309,smape,0.03998811,0.03996663,0.03492074,0.038171966,0.056848373
556,ID31,smape,0.01654659,0.02541438,0.019776851,0.01465087,0.025607571
557,ID310,smape,0.13046624,0.14411259,0.13320701,0.1408778,0.28430107
558,ID311,smape,0.017240224,0.017053833,0.013824792,0.016805382,0.040167317
559,ID312,smape,0.056361962,0.054203317,0.05531685,0.052127216,0.051725466
560,ID313,smape,0.036382135,0.035705056,0.0333188,0.03291395,0.040948328
561,ID314,smape,0.019471224,0.018441541,0.020665405,0.020331442,0.08016433
562,ID315,smape,0.020311845,0.015588938,0.019522244,0.018578311,0.032474194
563,ID316,smape,0.120227166,0.11995527,0.12748933,0.12636988,0.16002893
564,ID317,smape,0.084651016,0.085048884,0.08485981,0.087527655,0.12253443
565,ID318,smape,0.039146412,0.06777222,0.033087347,0.030994227,0.015249707
566,ID319,smape,0.016227998,0.020568734,0.021033162,0.014373955,0.031703897
567,ID32,smape,0.1457508,0.2012435,0.061235372,0.15496348,0.5494799
568,ID320,smape,0.017134726,0.018313255,0.01770244,0.017170018,0.020607656
569,ID33,smape,0.04037517,0.05190739,0.03058044,0.024168557,0.07387583
570,ID34,smape,0.010690004,0.011267585,0.010750946,0.0120016495,0.045849968
571,ID35,smape,0.05230521,0.062855564,0.049234867,0.04267958,0.011305735
572,ID36,smape,0.092718445,0.100017704,0.08971292,0.093995996,0.08333639
573,ID37,smape,0.031126762,0.031411346,0.02656901,0.027832469,0.029417315
574,ID38,smape,0.03755719,0.038275022,0.03595298,0.03683727,0.04717818
575,ID39,smape,0.08069709,0.088121064,0.0712873,0.072931744,0.04713504
576,ID4,smape,0.026104232,0.027950691,0.024090223,0.029082151,0.05744886
577,ID40,smape,0.013398145,0.0145965805,0.013024296,0.0119303195,0.011663432
578,ID41,smape,0.035994165,0.041025866,0.030643621,0.033793975,0.022095835
579,ID42,smape,0.021844901,0.031209568,0.02260877,0.023417456,0.040787388
580,ID43,smape,0.009238902,0.010220741,0.0121728545,0.008327425,0.029377073
581,ID44,smape,0.02725474,0.030341044,0.01748259,0.027530735,0.032839414
582,ID45,smape,0.012105626,0.02318833,0.011051953,0.009241561,0.02215299
583,ID46,smape,0.10618216,0.12891735,0.08992586,0.11702152,0.073294654
584,ID47,smape,0.0075764745,0.01157477,0.010761887,0.008665199,0.032400012
585,ID48,smape,0.045001432,0.04361616,0.05321817,0.048761744,0.05861533
586,ID49,smape,0.046086643,0.064667456,0.03949516,0.047701884,0.04699051
587,ID5,smape,0.020012027,0.021005424,0.018162817,0.018511927,0.03224761
588,ID50,smape,0.012466854,0.022492073,0.012197646,0.012560766,0.041598972
589,ID51,smape,0.019831313,0.028848961,0.02309564,0.02463229,0.06001095
590,ID52,smape,0.034059368,0.03241847,0.03366222,0.02926527,0.039127868
591,ID53,smape,0.027160348,0.027190307,0.025758112,0.0305467,0.037627406
592,ID54,smape,0.009279718,0.011710429,0.009643238,0.009510031,0.022065545
593,ID55,smape,0.03163513,0.018162804,0.041074943,0.034709707,0.04207773
594,ID56,smape,0.027964525,0.021736903,0.030226499,0.024681503,0.03789934
595,ID57,smape,0.060695942,0.0686424,0.071328975,0.045526292,0.2561109
596,ID58,smape,0.051894214,0.06675338,0.04849937,0.05053796,0.065187044
597,ID59,smape,0.02103725,0.014725845,0.019184498,0.021338223,0.030087715
598,ID6,smape,0.46010134,0.3686767,0.4282033,0.4152919,0.22510661
599,ID60,smape,0.008240798,0.012386333,0.009422245,0.009288276,0.044294253
600,ID61,smape,0.014533707,0.01498153,0.0145081915,0.015586815,0.022020785
601,ID62,smape,0.009506884,0.010251561,0.011135958,0.008626002,0.028441891
602,ID63,smape,0.043042526,0.041365013,0.03924477,0.038147938,0.023725813
603,ID64,smape,0.0859751,0.08841575,0.09760197,0.09083009,0.08562848
604,ID65,smape,0.010780505,0.012440324,0.009652761,0.01165826,0.03080901
605,ID66,smape,0.024921425,0.024467215,0.022781448,0.023863845,0.03097491
606,ID67,smape,0.019707715,0.018740164,0.01775611,0.018996453,0.026818143
607,ID68,smape,0.07447332,0.07529443,0.07321313,0.07395236,0.048219875
608,ID69,smape,0.012165476,0.013357463,0.012177591,0.014410217,0.017364526
609,ID7,smape,0.021531455,0.035192203,0.027493486,0.020303303,0.034680948
610,ID70,smape,0.09044328,0.07352068,0.09781915,0.09117258,0.09629869
611,ID71,smape,0.03731557,0.042430863,0.02735774,0.028243179,0.037207928
612,ID72,smape,0.024002373,0.03063915,0.019991076,0.020644879,0.02250191
613,ID73,smape,0.01434426,0.016299754,0.015157315,0.015696185,0.016188765
614,ID74,smape,0.015595912,0.013941519,0.012241556,0.014398031,0.014230336
615,ID75,smape,0.06935691,0.062562324,0.07037621,0.07423395,0.15082544
616,ID76,smape,0.02918438,0.030139185,0.024303755,0.028888969,0.01557102
617,ID77,smape,0.022779882,0.030992383,0.037143093,0.031995088,0.041654527
618,ID78,smape,0.028700953,0.025711812,0.028755566,0.029454334,0.058469504
619,ID79,smape,0.06499972,0.06530624,0.06399485,0.059094787,0.06476352
620,ID8,smape,0.0794746,0.07618884,0.06461348,0.07982198,0.05470537
621,ID80,smape,0.027635887,0.028350329,0.024433225,0.028718174,0.030641057
622,ID81,smape,0.31745097,0.30665752,0.325758,0.30493978,0.043709546
623,ID82,smape,0.03315326,0.031862143,0.05175725,0.036890842,0.10652528
624,ID83,smape,0.09413311,0.085033976,0.09962837,0.09023479,0.21188359
625,ID84,smape,0.35845327,0.3505453,0.3190707,0.3428367,0.18274194
626,ID85,smape,0.06348611,0.06497189,0.070373505,0.0784568,0.06617104
627,ID86,smape,0.01925358,0.018101774,0.017948546,0.019043038,0.026911547
628,ID87,smape,0.19042434,0.18897788,0.19057566,0.17816295,0.012721229
629,ID88,smape,0.0131626325,0.0136384675,0.011227075,0.012823618,0.028354848
630,ID89,smape,0.044938784,0.032628622,0.034027614,0.030431608,0.051557045
631,ID9,smape,0.07271105,0.069255404,0.07914652,0.075531706,0.05850454
632,ID90,smape,0.03824667,0.038842347,0.041877743,0.044028107,0.10428688
633,ID91,smape,0.034589067,0.04134609,0.03901455,0.03953294,0.11349153
634,ID92,smape,0.023631567,0.019742932,0.020202253,0.023491986,0.02633814
635,ID93,smape,0.017303677,0.017791832,0.015780583,0.017190723,0.03512776
636,ID94,smape,0.08947792,0.0880943,0.07237349,0.0700185,0.06450111
637,ID95,smape,0.047823776,0.049952865,0.05290838,0.0503197,0.045596797
638,ID96,smape,0.25413397,0.25907934,0.2405846,0.22942047,0.09834647
639,ID97,smape,0.023247356,0.02969677,0.025032865,0.026117273,0.031729627
640,ID98,smape,0.049701482,0.057477575,0.04493091,0.04525301,0.028436823
641,ID99,smape,0.055618983,0.044393137,0.050997254,0.046023265,0.085869044
