,unique_id,metric,Original,OnlineFixed,Online,OnlineRandGen,OfflineMax,Offline1,OfflineRNG,SeasonalNaive
0,ID0,mase,1.8546187,1.7276546,1.9973439,1.5413402,1.6752131,1.906856,1.2809591,1.6523423
1,ID1,mase,0.64921826,0.6868291,1.0048915,0.5369765,0.53792965,0.87508506,0.77122617,0.6560234
2,ID10,mase,1.5433236,1.7184434,2.277168,1.8690461,1.3389326,1.856647,2.6769323,0.50213987
3,ID100,mase,0.79348874,0.7251955,0.78756976,0.9714664,0.82098925,0.80444247,1.3404424,1.322672
4,ID101,mase,0.7507266,0.7004158,0.9841766,0.87706846,0.76778513,0.89332837,1.8417528,0.85678566
5,ID102,mase,0.9942473,0.80853015,0.4566781,1.5036674,0.72673154,0.65997106,2.160192,0.59913737
6,ID103,mase,1.3741614,1.2761508,1.1175002,1.5115551,1.4016806,1.290602,1.736203,1.0389642
7,ID104,mase,1.1143563,1.0597066,1.2266859,1.0128645,0.9915752,1.2896385,1.7009879,1.5041574
8,ID105,mase,0.60861826,0.56493443,0.59490913,0.6096521,0.561992,0.53184456,1.3733732,0.49615568
9,ID106,mase,0.48589104,0.4952984,0.5013699,0.49233618,0.4883622,0.50015616,0.82641184,0.49196902
10,ID107,mase,0.56795985,0.5204862,0.48099494,0.5550158,0.5413914,0.54790944,0.6540522,0.9829676
11,ID108,mase,0.89627296,0.6875646,0.475018,0.91684675,0.8906887,0.68375516,1.0438647,0.57120776
12,ID109,mase,0.7268348,0.8163873,1.3324109,0.40519452,0.7724488,0.8861567,0.6340352,0.7931279
13,ID11,mase,0.8022408,0.6968159,0.43985528,0.83125174,0.9530353,0.7024391,0.74860173,1.0710356
14,ID110,mase,0.96063596,0.7510648,0.6655992,1.2135886,0.7965308,0.57335144,1.3619627,0.89296454
15,ID111,mase,0.33300576,0.4166134,0.46016434,0.35708416,0.40621063,0.49447528,0.9894769,0.3119252
16,ID112,mase,1.0473797,1.0204235,1.0599171,1.420093,0.8959794,0.7660243,1.6826448,0.60887223
17,ID113,mase,0.6787929,0.68490636,0.69902915,0.68148094,0.6249817,0.6062072,0.93001133,0.6879804
18,ID114,mase,0.75128824,0.72316915,0.6730519,0.5562374,0.5930363,0.953187,0.6893556,0.60522294
19,ID115,mase,0.9860087,1.4762862,0.9940629,1.2401679,1.6065792,2.133256,3.0189579,0.9737069
20,ID116,mase,0.21237956,0.3210855,0.18673605,0.20033173,0.18709819,0.39940965,1.5998038,0.4190104
21,ID117,mase,0.596282,0.40665382,0.22236705,0.87239057,0.41758284,0.29028863,0.6155175,0.17705764
22,ID118,mase,0.8611079,0.7043603,0.54196495,1.2879748,0.7085471,0.581989,1.4996097,0.756469
23,ID119,mase,0.5707016,0.4816508,0.13702124,1.1410934,0.37163955,0.27851227,1.2148377,0.5553835
24,ID12,mase,0.93378836,0.8142368,0.5831493,0.61718327,0.9503647,0.548476,1.5478117,0.45154724
25,ID120,mase,0.32905763,0.24182491,0.70444614,0.39533484,0.2924468,0.22610457,0.4800201,0.31206876
26,ID121,mase,0.31007424,0.2316598,0.3043327,0.58475155,0.19258483,0.22438265,0.54472774,0.41808626
27,ID122,mase,0.4699063,0.4242397,0.32268673,0.613905,0.470081,0.30823135,0.8619944,0.3971962
28,ID123,mase,0.19415182,0.16687343,0.1925716,0.22809115,0.17652181,0.18643457,0.5209696,0.3068764
29,ID124,mase,1.4011358,1.2719125,1.0706972,1.3667481,1.6080505,1.0732332,1.6129344,2.8403656
30,ID125,mase,0.7572855,0.5756789,0.7653997,1.3927326,0.4772053,0.3806092,1.8497562,0.85512894
31,ID126,mase,0.42498666,0.44680712,0.5674883,0.42291263,0.44281152,0.46929714,0.7027262,0.44355124
32,ID127,mase,0.35385406,0.28443074,0.26311547,0.54468626,0.26158503,0.27820042,0.87385213,0.5415231
33,ID128,mase,0.65727663,0.4653509,0.5372915,0.64311945,0.61654425,0.4767915,1.1505499,1.3863121
34,ID129,mase,0.68054706,0.7384689,0.6652649,0.7377118,0.4377652,0.4397576,1.60085,1.0529821
35,ID13,mase,0.36586988,0.26315975,0.472709,0.29934204,0.58941597,0.3131638,1.1950516,0.8026555
36,ID130,mase,0.45132,0.49119446,0.4399525,0.48552415,0.599668,0.39416385,0.6210106,1.029827
37,ID131,mase,0.13439733,0.104622334,0.13967705,0.23435554,0.09420805,0.067653835,0.35122845,0.17500836
38,ID132,mase,0.32506305,0.3110508,0.5011228,0.35344023,0.26039135,0.32475632,0.38868478,0.57763696
39,ID133,mase,1.3071452,1.2324995,0.81630766,1.783116,1.111191,0.75922054,0.78422517,0.8791195
40,ID134,mase,0.2668797,0.26077405,0.26285228,0.22920863,0.28701636,0.31211156,0.9218625,0.31434572
41,ID135,mase,1.378765,1.0003577,0.4624891,2.0229685,0.9033719,0.75594604,2.6060674,0.6894208
42,ID136,mase,1.2492188,0.9889391,0.59038824,1.3749552,1.1902548,1.0601618,1.8895565,0.9007972
43,ID137,mase,1.1783372,0.93285024,0.50886905,1.3438647,1.10548,0.74190974,1.4163822,1.1285367
44,ID138,mase,0.48046264,0.38294417,0.17313564,0.6611476,0.55985695,0.27182302,0.5704662,0.46416166
45,ID139,mase,0.7027389,0.53948295,0.44697276,0.80235523,0.6109056,0.47596815,0.5842225,1.0228814
46,ID14,mase,0.59741545,0.55763656,1.3370836,0.48643664,0.5134353,0.6155775,1.1314216,1.0370115
47,ID140,mase,1.1221944,0.9455486,0.654767,1.4737729,1.1406745,0.71764755,1.6978575,0.9473059
48,ID141,mase,1.0344877,0.90406936,0.4113639,1.4346143,1.0329715,0.812722,1.2420686,0.95985085
49,ID142,mase,0.6940577,0.60540336,0.6937299,0.5933877,0.6220132,0.6688106,1.2872243,0.945696
50,ID143,mase,1.6128857,1.4381452,1.6804955,1.3422986,1.4788616,1.5670699,1.242845,1.2869787
51,ID144,mase,0.66063064,0.51002926,0.31872457,0.8468276,0.5338721,0.3931371,1.1276491,0.5550793
52,ID145,mase,0.55321985,0.5750667,1.0735978,0.40802696,0.7719654,0.6315495,0.67729473,1.4716325
53,ID146,mase,0.07443981,0.057238642,0.06961532,0.048356995,0.057466395,0.060537547,0.17325637,0.11169816
54,ID147,mase,0.24583434,0.19953388,0.10710871,0.37166065,0.19119506,0.1305773,0.43795994,0.19152614
55,ID148,mase,0.45862478,0.34907755,0.66848356,0.47473606,0.38542384,0.44603044,1.1895598,1.0415488
56,ID149,mase,0.8048931,0.7565697,0.6593436,1.3408116,0.5719965,0.5018339,1.4908519,1.43203
57,ID15,mase,1.5518707,1.5089498,2.383645,1.5961409,0.9035423,1.7650092,2.1075654,0.8359333
58,ID150,mase,0.6778091,0.5788466,0.6136198,0.9591608,0.5904185,0.72590464,2.2311578,0.90287274
59,ID151,mase,0.80369335,0.63061035,0.56151074,0.91024005,0.75805867,0.5851279,1.9637905,1.1220636
60,ID152,mase,0.4157855,0.3610763,0.3068673,0.64902717,0.31130657,0.2925375,0.61385703,0.5964835
61,ID153,mase,0.8419925,0.7092846,0.75954163,1.092632,0.7301964,0.53994274,2.1775792,0.5706237
62,ID154,mase,0.70983124,0.58043337,0.8547221,0.5259815,0.6295507,0.6825076,0.52752495,1.073184
63,ID155,mase,0.47809586,0.4440999,0.59806556,0.38331732,0.40277025,0.6217916,0.8976308,0.70183736
64,ID156,mase,1.5586958,1.4078844,0.88156354,2.1380744,1.3666984,1.1352718,2.109881,1.1611353
65,ID157,mase,0.6389722,0.7903514,0.92674476,0.79434526,0.7278245,0.88196844,1.8832641,0.8996155
66,ID158,mase,1.2154326,1.2502075,1.168419,1.739565,1.2357635,0.7397425,2.7100964,0.94100225
67,ID159,mase,0.64383227,0.5107608,0.7483631,0.89870286,0.57653606,0.6683697,1.6606318,2.0560734
68,ID16,mase,0.5568701,0.43237388,0.31011984,0.72961706,0.59120184,0.3740535,0.8151862,0.80032974
69,ID160,mase,0.9216785,0.83133507,0.89980775,0.6969365,0.78442955,0.8922743,1.5721624,1.3205936
70,ID161,mase,1.0259504,0.85564655,0.5457403,1.5012754,0.8596613,0.67940336,1.7084928,1.0310191
71,ID162,mase,1.5885031,1.4060667,1.1191891,2.0261948,1.4383878,0.984344,2.5943332,1.3751084
72,ID163,mase,1.07385,0.8302623,0.8791102,1.4898996,0.9106346,0.7101035,2.688358,0.76074207
73,ID164,mase,0.47483057,0.33145937,0.90821743,0.7068717,0.4369386,0.4205158,1.4071916,0.5951906
74,ID165,mase,0.7149801,0.5665223,0.5889596,0.77875566,0.60135216,0.68486154,1.3329233,0.97735006
75,ID166,mase,1.0664078,0.94872755,0.9250665,1.1842386,1.0082626,0.996636,1.1778613,1.241668
76,ID167,mase,1.7911,1.6076492,1.3945783,2.5190172,1.6181396,1.4257559,3.0961504,0.7987442
77,ID168,mase,1.1834295,1.0102892,0.9266587,1.5321075,0.9660381,0.9199445,1.8272163,1.5339135
78,ID169,mase,0.77527124,0.71499777,0.96226394,0.50680333,0.98145336,0.9937464,0.9784609,1.4593621
79,ID17,mase,0.8600748,0.7492713,0.85461354,0.7190007,0.8665995,0.7063899,1.2162783,1.1358653
80,ID170,mase,1.3631914,1.1409527,0.8854951,1.4937795,1.2474829,0.968636,1.7524747,1.5368916
81,ID171,mase,0.79164654,0.50624543,0.26535362,1.1295133,0.5589262,0.37539467,1.5588871,0.73976487
82,ID172,mase,0.5958615,0.35439095,0.2487201,0.97004545,0.35723484,0.25872123,1.4812056,0.8389651
83,ID173,mase,0.76578265,0.75522715,0.758882,0.863978,0.7470822,1.0565337,1.3919193,1.0020466
84,ID174,mase,0.47932735,0.36571577,0.3680326,0.8933563,0.36136088,0.32640812,1.1764908,1.4367828
85,ID175,mase,2.2900639,2.048877,2.3225951,3.3069596,1.8350637,1.5869346,3.136872,1.1548647
86,ID176,mase,0.8664354,0.8491815,1.227675,0.58507895,0.67632794,1.5657119,2.4585302,1.2027267
87,ID177,mase,0.8407287,0.6688825,0.437593,1.2324591,0.73789674,0.5634802,1.7035446,1.1136727
88,ID178,mase,0.34443864,0.25703537,0.4315662,0.16521217,0.290656,0.37633535,0.21398377,1.1217127
89,ID179,mase,0.87453675,0.6378339,0.58764833,1.0457625,0.6807437,0.7940518,1.6517556,1.5431168
90,ID18,mase,0.47305214,0.62137103,1.1994172,0.6288993,0.4037206,0.73702943,1.9696583,0.7796873
91,ID180,mase,0.9317024,1.0265546,1.4725872,0.70196986,0.84758013,1.5614527,1.7123679,0.99463487
92,ID181,mase,0.7945306,0.5239663,0.45909166,1.1400095,0.5642797,0.6705386,2.0652518,0.82203764
93,ID182,mase,3.0962997e-07,1.6935262e-07,1.8627684e-07,1.399728e-07,1.5368947e-07,2.6233423e-07,1.1059038e-06,0.0
94,ID183,mase,0.3762889,0.4364192,0.48455867,0.3857226,0.36067823,0.6601667,1.5472953,0.93974406
95,ID184,mase,1.5232666,1.1841573,0.99018955,1.6383301,1.3909281,0.86265546,2.5082674,1.2025986
96,ID185,mase,0.4861291,0.35598648,0.23242718,0.79250866,0.32764682,0.28419042,0.9153805,1.0038869
97,ID186,mase,0.7980761,0.6086721,0.5982854,1.4862405,0.55088115,0.5158109,2.2507396,1.5057918
98,ID187,mase,1.2169077,0.8828803,0.5137382,1.862214,0.8631576,0.58300155,2.7737215,0.8034799
99,ID188,mase,1.4177742,1.3957464,1.6582711,0.9395897,1.1675842,1.9761565,1.105615,0.71342474
100,ID189,mase,0.4850793,0.48696545,0.8506334,0.68859667,0.4400182,0.6619667,1.1641928,1.1196634
101,ID19,mase,0.8790162,0.89854467,1.338568,0.94927114,1.0055876,0.90464747,1.5004207,0.45342293
102,ID190,mase,0.46929237,0.36333844,0.5842763,0.60748035,0.3893299,0.37341696,0.6812645,0.40151197
103,ID191,mase,0.38358352,0.29164773,0.24733402,0.61971945,0.30469286,0.25705475,1.0922446,0.39641482
104,ID192,mase,0.79229385,0.5562112,0.3862563,1.3496331,0.54186255,0.47745258,1.9127562,1.2928282
105,ID193,mase,0.32436413,0.35675457,0.7072172,0.399484,0.3972446,0.39915058,1.1590344,0.36367765
106,ID194,mase,0.6860456,0.5670762,0.5184809,1.163246,0.5504751,0.45952478,1.9369723,1.0452313
107,ID195,mase,0.9233282,0.66530186,0.4328809,1.0738497,0.9461469,0.41883174,1.1812568,1.056652
108,ID196,mase,0.93247616,0.85808593,0.52974474,1.5081747,0.7865142,0.6243481,1.547354,0.72119015
109,ID197,mase,0.56264585,0.498641,0.6355208,0.6830827,0.487406,0.608156,0.6720802,1.439859
110,ID198,mase,0.60500777,0.690903,1.4606416,0.54107547,0.45477048,0.8934658,1.2103877,0.80610764
111,ID199,mase,0.5351877,0.4045317,0.48186314,0.53562003,0.5822309,0.44923028,1.0790398,0.80716705
112,ID2,mase,0.009116489,0.0062217326,0.013311198,0.016646976,0.0035191441,0.005421738,0.015365708,0.015078185
113,ID20,mase,1.2415284,1.0113473,0.67249876,1.3951911,1.0649097,1.1306309,1.1350378,1.4130143
114,ID200,mase,0.24952178,0.30385005,0.7997482,0.25791344,0.31158847,0.33233985,0.97531134,0.82488734
115,ID201,mase,0.84950715,0.7477241,1.201947,0.53041726,0.7605411,0.9178963,0.9326671,1.0576973
116,ID202,mase,0.76431507,0.62203586,0.5929411,1.1346889,0.7236207,0.5950186,1.5816544,0.7680581
117,ID203,mase,1.2296501,0.92878276,0.3353238,1.5822277,0.8327116,0.6748439,2.4439094,0.71892136
118,ID204,mase,0.91283196,0.64001626,0.3888934,1.0572655,1.0177081,0.37843946,1.6655381,0.9210723
119,ID205,mase,0.69745564,0.7307469,0.58349305,1.4413254,0.6154386,0.50747925,0.9674227,1.5136209
120,ID206,mase,0.6845453,0.5974415,0.38059375,1.0468478,0.59254324,0.49446365,1.4497193,0.6032485
121,ID207,mase,0.17297225,0.18360664,0.41643593,0.07664238,0.17855805,0.25796282,0.60121363,0.49459055
122,ID208,mase,0.51702315,0.39934883,0.5164308,0.7275423,0.5079562,0.34470528,1.1011877,1.4574101
123,ID209,mase,0.75678253,0.5746534,0.8375483,0.797489,0.6358904,0.5562892,0.58039266,1.8217139
124,ID21,mase,0.6508829,0.563695,0.36287346,0.50929683,0.71403706,0.39684096,1.1112738,0.9853177
125,ID210,mase,1.0508021,1.0456768,1.2575707,1.1033001,1.0490772,1.107227,1.5105006,1.8107586
126,ID211,mase,0.7562659,0.58587575,0.315254,1.0011165,0.7861194,0.41700286,0.8569756,0.88792545
127,ID212,mase,0.65935045,0.4629594,0.46907854,1.0153968,0.508815,0.46338612,1.5296668,0.6616946
128,ID213,mase,0.6781147,0.5497141,0.30091277,0.8389287,0.6008247,0.4921357,0.8504303,0.7742295
129,ID214,mase,0.45917407,0.4155748,0.57401186,0.5023303,0.45084783,0.4339302,0.73935854,0.96871173
130,ID215,mase,0.53400403,0.39015397,0.4088125,0.7010707,0.42749837,0.2986789,0.70742327,0.36454898
131,ID216,mase,1.1037276,0.91107655,0.7291569,1.5928062,0.8837013,0.62028027,1.8721312,0.5572085
132,ID217,mase,0.5208534,0.47333586,0.28968245,0.63002425,0.48160288,0.42359108,0.569752,0.38162243
133,ID218,mase,0.29642183,0.24254423,0.6054296,0.2938383,0.24938868,0.33747584,0.9012821,0.7019471
134,ID219,mase,0.47906333,0.3391001,0.22078873,0.49276665,0.46015117,0.30144873,0.6052039,0.5019455
135,ID22,mase,1.30076,1.2240115,0.64126384,1.1934141,1.5799396,0.8302758,1.4439265,0.9336073
136,ID220,mase,0.6776989,0.55239505,0.43137908,0.8895623,0.71955234,0.51133007,1.211667,0.73681176
137,ID221,mase,0.9677837,0.7393476,0.426668,0.94458425,0.95781726,0.74154323,1.650645,1.3957078
138,ID222,mase,0.5276785,0.40925837,0.18148173,0.69896686,0.45964712,0.39000148,1.0888938,0.58505183
139,ID223,mase,0.8786334,0.72176766,0.4173632,1.2847337,0.723626,0.5427804,0.5083218,1.3673657
140,ID224,mase,0.41121644,0.3469474,0.33816892,0.5574168,0.47102225,0.327257,0.7593322,0.7475073
141,ID225,mase,0.32980242,0.2750866,0.21892674,0.5017431,0.29085687,0.2348173,0.516009,0.5759972
142,ID226,mase,0.60175043,0.47596934,0.5871932,0.5441905,0.5039201,0.49305555,0.65320253,0.50007915
143,ID227,mase,0.569632,0.49753833,1.1546638,0.33358076,0.63950753,0.4051259,0.71565616,1.1175475
144,ID228,mase,0.5252997,0.41263908,0.39621642,0.73451346,0.44390798,0.38902327,1.2912005,0.63678867
145,ID229,mase,1.6941781,1.4544725,1.1280665,2.2517745,1.6907295,1.1969885,2.8291852,1.4082562
146,ID23,mase,1.3697451,1.4599012,1.7777963,1.5442843,1.3110837,1.7996447,2.660254,0.46635622
147,ID230,mase,0.6629286,0.64102733,0.56416076,1.2880626,0.57841706,0.52731204,0.9954837,0.8706039
148,ID231,mase,1.0113933,0.8696788,0.756106,1.2322046,0.9241802,0.7118653,2.334403,1.0449119
149,ID232,mase,0.9834394,0.7216937,1.2460911,0.5770594,0.81454235,1.0938503,1.1184038,0.85030943
150,ID233,mase,0.9139619,0.78026134,0.5822512,1.3743942,0.7786171,0.5058281,1.6999861,0.65106195
151,ID234,mase,0.97226334,0.71129155,1.0851728,0.60226405,0.65782195,0.91972405,1.522688,0.8783831
152,ID235,mase,0.4218746,0.2560327,0.38640746,0.64695346,0.31797013,0.2384746,0.6111192,0.62988037
153,ID236,mase,0.7804657,0.62652826,0.2836298,0.9781774,0.73977035,0.5588914,1.215972,0.58180934
154,ID237,mase,0.7416303,0.61515826,0.51628536,0.85211045,0.64479417,0.5627078,1.0722358,0.63979405
155,ID238,mase,0.65874845,0.7313064,1.2630668,0.5729193,0.65399843,0.8799115,0.8379439,1.061764
156,ID239,mase,0.5600358,0.4159374,0.75498134,0.78271997,0.4748076,0.42014477,1.3172591,1.1878848
157,ID24,mase,0.47566086,0.73170686,1.2743466,0.75020266,0.4126834,0.84116095,2.5487149,0.4862995
158,ID240,mase,0.6189657,0.5104461,0.28309685,0.97785544,0.44201607,0.34794146,1.2986649,0.78775513
159,ID241,mase,0.39821365,0.31183514,0.1697685,0.546225,0.3638373,0.20123208,0.88281155,0.3842572
160,ID242,mase,1.5898067,1.1405869,0.84787923,1.8392316,1.2167096,1.0284591,3.153579,1.0892637
161,ID243,mase,1.5990695,1.3956269,1.2161511,2.109638,1.5514587,1.1529319,2.8785198,0.995888
162,ID244,mase,0.5338575,0.45028308,0.22797884,0.8834314,0.37522313,0.2873566,0.9646295,0.51737213
163,ID245,mase,0.5011165,0.5348815,0.7786082,0.7826897,0.7705852,0.50447357,2.3353412,2.484344
164,ID246,mase,0.69054914,0.7143638,0.2401873,0.74659765,1.0326211,0.46385664,1.0699823,1.4183849
165,ID247,mase,0.22334665,0.1697452,0.48841795,0.2295207,0.3164203,0.23725542,1.1930972,0.4972494
166,ID248,mase,0.48777512,0.46073058,0.5849705,0.5883686,0.463376,0.5443759,0.54638624,1.1713046
167,ID249,mase,0.8155747,0.6163785,0.2946612,1.0340269,0.85550416,0.46775463,0.97331274,1.0165219
168,ID25,mase,1.617565,1.5554751,1.7753998,1.5012408,1.6447874,1.5386472,2.5495663,0.6289827
169,ID250,mase,0.6894824,0.57987016,0.31329814,0.95281875,0.80287755,0.39076576,0.9231535,0.7334962
170,ID251,mase,0.46477646,0.34755144,0.23722932,0.6594935,0.44365495,0.3379135,0.8824921,0.5789507
171,ID252,mase,0.33920696,0.41725785,0.8958386,0.31945556,0.40500614,0.5456872,0.71871215,1.0167322
172,ID253,mase,0.65338653,0.6390829,0.4695557,0.8429333,0.89252406,0.4854211,0.89776516,0.8125204
173,ID254,mase,0.46018222,0.3028466,0.24320273,0.8753799,0.3263844,0.2983488,1.3280027,1.0575684
174,ID255,mase,0.56748754,0.47061852,0.4826935,0.8038466,0.5715403,0.32547784,1.194596,0.6966489
175,ID256,mase,0.60189176,0.6198104,1.3032714,0.39904255,0.5511229,0.90946317,1.3418072,0.74193734
176,ID257,mase,0.9814934,0.71781665,1.2551277,0.5417265,0.75225174,1.0554276,1.0252141,1.1585226
177,ID258,mase,0.6751997,0.80143315,1.4440938,0.7352445,0.4948241,0.799184,1.3196669,0.7295237
178,ID259,mase,0.85925287,0.63528275,0.39524242,0.86722046,0.8048661,0.5211144,0.78151214,0.81774676
179,ID26,mase,0.4155723,0.5337965,1.0317507,0.5837008,0.33622056,0.7638473,2.2658339,0.88835186
180,ID260,mase,0.49180624,0.44285318,0.7767234,0.36038336,0.5088267,0.62141573,0.6248583,1.903288
181,ID261,mase,0.4794195,0.36195824,0.76011646,0.29654172,0.3548839,0.46077102,0.6673072,0.87653154
182,ID262,mase,1.4131051,1.2367662,0.77690285,1.7267549,1.3057878,1.0493127,1.441228,0.7922941
183,ID263,mase,1.0123098,0.73880553,0.54850453,1.3562032,0.74221027,0.58268994,1.7271031,0.7723709
184,ID264,mase,0.58745205,0.58755696,0.56209093,0.8634615,0.5806182,0.5767289,0.8699732,0.9681684
185,ID265,mase,0.57664275,0.55861235,0.26719752,0.9689941,0.41864172,0.43367586,1.062881,0.7701515
186,ID266,mase,1.0601208,0.8119956,0.7237601,1.3756012,0.8972543,0.8213836,1.185716,1.1470886
187,ID267,mase,0.6070278,0.45661607,0.27384877,0.9768411,0.46626025,0.25006664,1.4668429,0.3296627
188,ID268,mase,0.6200716,0.54167145,0.6887155,0.5935878,0.54335004,0.73916626,1.4938534,0.7120867
189,ID269,mase,0.577454,0.4500239,0.60138506,0.4502306,0.4450612,0.5140122,1.223639,0.960162
190,ID27,mase,0.5756374,0.41969356,0.6400122,0.4446589,0.54367775,0.35924733,1.1795682,1.2647165
191,ID270,mase,0.16163191,0.111396894,0.072209515,0.23432727,0.10614917,0.1613937,0.84103465,0.56860805
192,ID271,mase,0.67516774,0.6166089,0.29943687,0.92907476,0.63015074,0.35830674,1.1904777,0.6648587
193,ID272,mase,0.65232086,0.59717244,0.6639088,0.5755623,0.62774163,0.79519385,1.4103731,1.5293657
194,ID273,mase,0.4836232,0.31395423,0.35410738,0.6468136,0.3389028,0.45690137,1.1361012,0.5920491
195,ID274,mase,0.54927194,0.5270711,1.0514119,0.7509926,0.5380619,0.69187653,1.4895195,0.8173934
196,ID275,mase,0.93541455,0.8818191,1.3243834,0.36671525,0.9240297,1.2674701,1.1900479,1.5159123
197,ID276,mase,0.38469917,0.32363665,0.45396078,0.56654865,0.37256795,0.47483444,1.2229806,0.83510005
198,ID277,mase,0.35035166,0.31643727,0.6301757,0.24417952,0.27369738,0.5369546,0.8909346,0.36976835
199,ID278,mase,0.61515564,0.43791595,0.52869606,1.0501869,0.61316663,0.87724286,3.3625042,0.9008759
200,ID279,mase,0.3517308,0.2399929,0.23407006,0.7092006,0.25877267,0.34326735,1.2892456,0.8697527
201,ID28,mase,0.28962338,0.44873932,0.9340961,0.42813262,0.3246149,0.43487328,1.3724425,0.7098187
202,ID280,mase,0.34011182,0.2886395,0.3200648,0.54455984,0.29005292,0.32542482,1.0432627,0.728861
203,ID281,mase,0.8311694,0.70211166,0.84823155,0.57290524,0.74035376,0.8909186,0.842354,0.61224145
204,ID282,mase,0.635439,0.67644805,1.2566969,0.2541019,0.87788963,0.78017694,0.5101603,2.3941286
205,ID283,mase,0.6839396,0.70260227,0.68372536,1.1161948,0.7052652,0.7429636,1.5918123,1.6588392
206,ID284,mase,0.42639422,0.4431764,0.2778578,0.6266533,0.45220712,0.21372867,0.70192844,0.5275082
207,ID285,mase,0.41886875,0.42957208,0.525705,0.47317818,0.45146897,0.4789778,0.5745401,0.4394536
208,ID286,mase,0.99036235,1.0838888,1.2863815,1.1176596,0.9624997,1.1049488,2.0725825,0.99580705
209,ID287,mase,0.82378507,0.794837,0.7594225,0.8548633,0.8120163,0.88251233,1.0353678,1.6748985
210,ID288,mase,0.69810724,0.7435731,1.149451,0.6970841,0.6448892,0.8552394,1.7040385,1.1815081
211,ID289,mase,1.4656496,1.5811732,1.7464409,1.4795493,1.5137825,1.6339804,1.7099667,1.9980955
212,ID29,mase,1.2718166,1.2702932,1.1057228,1.1599772,1.5069629,1.3034291,1.8513582,1.3591309
213,ID290,mase,0.8143196,0.7221136,0.85977364,1.2672719,0.6913799,0.80940384,2.451536,1.5211715
214,ID291,mase,0.9614529,0.9578735,0.85639703,1.4080067,0.84809273,0.7222246,2.1476789,0.89357543
215,ID292,mase,0.69596356,0.52116036,0.84960765,0.99315405,0.5767349,0.64727134,1.0525931,1.863221
216,ID293,mase,0.2845676,0.24065515,0.21282375,0.33766648,0.2559977,0.22355498,0.5405766,0.43988168
217,ID294,mase,1.2349037,1.248631,1.1330496,0.89163923,1.1175971,1.938593,1.8404629,1.5424609
218,ID295,mase,0.7024384,0.70303655,0.43572494,0.66767454,1.0589001,0.539989,1.1552827,0.7659248
219,ID296,mase,0.57391685,0.50884694,0.8070824,0.5793538,0.6782144,0.70904416,0.8098746,2.5863383
220,ID297,mase,0.6794095,0.5679254,0.68549544,0.71942145,0.6891055,0.7029931,0.8703301,2.7496226
221,ID298,mase,0.6334941,0.6470886,0.59459716,0.67311406,0.6417248,0.61429435,0.58612317,0.65854067
222,ID299,mase,0.13947952,0.13313024,0.19937582,0.12678951,0.0823271,0.2279346,0.43489578,0.8545669
223,ID3,mase,0.16869263,0.10476143,0.33117682,0.16582963,0.13662791,0.1822297,0.9999857,0.30862796
224,ID30,mase,1.0890851,1.1752079,1.763828,1.3019168,0.8288036,1.3760402,1.8853285,0.97657764
225,ID300,mase,0.84882003,0.8921814,1.2078551,1.6403028,0.8345087,0.6399566,1.9935371,0.8813437
226,ID301,mase,0.6786006,0.61452496,0.63283706,0.4068433,0.7027699,0.7823378,0.5335705,1.4549522
227,ID302,mase,0.76288444,0.61385995,0.63132644,0.39256662,0.56750697,0.88898,1.0901324,0.6837041
228,ID303,mase,0.46491697,0.38142645,0.46862212,0.75305927,0.4891479,0.50217414,1.6847098,1.1322813
229,ID304,mase,0.2228108,0.16901197,0.6531721,0.35445914,0.27322683,0.33623013,1.0159031,0.76196927
230,ID305,mase,1.2628524,1.1093024,1.020685,1.0860908,1.0380268,1.439234,0.908646,1.0758375
231,ID306,mase,1.8002979,1.4965316,1.2828372,2.330125,1.4050449,1.1312312,3.0909038,1.1899637
232,ID307,mase,2.441464,2.4156084,2.3326013,2.227921,2.4058762,2.9141686,1.9977546,2.5110826
233,ID308,mase,0.67371976,0.5537431,0.2817745,0.8487027,0.55320483,0.36010382,0.9015147,0.6206828
234,ID309,mase,0.80402017,0.7339015,0.7817652,1.0850356,0.7235487,0.75896865,1.5492868,1.0614728
235,ID31,mase,0.5833751,0.75739557,1.5025706,0.5375655,0.4159008,0.74673396,1.5533495,0.99192864
236,ID310,mase,0.34627396,0.33768398,0.365651,0.35770994,0.38514742,0.2571839,0.60945636,0.7120576
237,ID311,mase,0.49496478,0.42722583,0.4398832,0.8501602,0.3932175,0.41203776,1.6163973,0.9479013
238,ID312,mase,1.4879705,1.6783664,1.8822124,1.2250952,1.6027254,2.1013975,1.4423869,1.8682058
239,ID313,mase,0.8050495,0.7234636,0.7018553,0.9416548,0.77768373,1.2340033,3.1782405,0.95458466
240,ID314,mase,0.3744938,0.33666894,0.26323408,0.68215567,0.31734535,0.32113096,1.3712382,1.4854314
241,ID315,mase,0.27670616,0.22031361,0.27651885,0.58756596,0.264147,0.46397346,1.4379455,0.60687613
242,ID316,mase,1.3419745,1.3121603,1.2633885,1.4605182,1.4547215,1.0938162,1.8513788,1.6420692
243,ID317,mase,0.40140194,0.42633766,0.41382387,0.31987756,0.46802562,0.52054745,0.3066842,0.7781133
244,ID318,mase,1.073751,0.7356587,1.2896568,1.5246702,0.9657515,0.81485754,3.3320918,0.34611017
245,ID319,mase,0.3270772,0.36624438,0.90816325,0.2523544,0.3837691,0.42366093,0.650153,1.0822363
246,ID32,mase,0.7407336,0.27086323,1.0136514,0.38051793,0.41029742,0.76138675,1.3645998,1.9997895
247,ID320,mase,0.7354647,0.5671085,0.8339205,0.49977285,0.5761259,0.78948754,1.3692087,0.77260256
248,ID33,mase,0.94064516,1.1049584,1.5792671,1.141418,0.64930844,1.1580547,1.4062269,1.2552569
249,ID34,mase,0.30177248,0.210965,0.45241708,0.19144924,0.32817388,0.2892648,1.0704596,0.90038556
250,ID35,mase,1.9670595,2.3063865,2.923462,2.2658708,1.7049084,2.321824,2.718267,0.3711838
251,ID36,mase,0.8836114,0.86195457,1.0184321,0.9067997,0.84879994,0.87415284,1.089833,0.76990503
252,ID37,mase,0.8579934,0.96685606,1.4729475,1.0390623,0.7223085,1.1580933,2.3468804,0.8661413
253,ID38,mase,0.88609475,0.8666065,0.96937597,0.8576941,0.8726668,0.83026755,1.0200131,1.0591899
254,ID39,mase,1.3570683,1.5261315,1.8341954,1.5196146,1.2827597,1.5727981,2.7192433,0.78573436
255,ID4,mase,0.26340526,0.26757643,0.39971393,0.33643216,0.26769745,0.43658134,2.110981,0.7301025
256,ID40,mase,0.5495104,0.40857136,0.5195097,0.33266068,0.611234,0.37329045,1.2765741,0.3283817
257,ID41,mase,0.96496725,1.1114317,1.661119,1.1357516,0.82541394,1.1920444,1.7767911,0.61067945
258,ID42,mase,0.70825773,0.73601246,1.4052701,0.71934235,0.38766515,1.035055,1.3525423,0.965863
259,ID43,mase,0.26738766,0.15862183,0.44693422,0.14981802,0.35770962,0.19740699,1.0247282,0.5677233
260,ID44,mase,0.52497256,0.6845926,1.1178882,0.69593686,0.41483352,0.8609177,2.3617926,0.871308
261,ID45,mase,0.59586084,0.7492765,1.4675659,0.78945994,0.42197984,0.73647726,1.1801487,0.6863879
262,ID46,mase,0.55791205,0.56627655,0.76710355,0.62487835,0.44883898,0.6566625,0.89847344,0.36502853
263,ID47,mase,0.25824693,0.2754677,0.8114924,0.23626743,0.29902828,0.36495146,1.586479,1.1497
264,ID48,mase,0.51159316,0.45105374,0.44990057,0.43538067,0.61136264,0.40066046,0.50560814,0.683883
265,ID49,mase,1.2075996,1.3049747,2.0504248,1.3853706,0.84148884,1.4637002,2.279959,1.0752491
266,ID5,mase,0.48962554,0.50543755,0.9450971,0.514808,0.49757037,0.99242455,3.1822977,0.92553174
267,ID50,mase,0.47916433,0.59498477,1.1791828,0.55343634,0.4103823,0.6591463,2.0135744,1.214929
268,ID51,mase,0.40971032,0.48265162,0.84569424,0.51111656,0.302475,0.51014143,1.049447,1.0333865
269,ID52,mase,0.8244681,0.68668294,0.39422312,0.6316952,0.9584967,0.48068762,1.2835015,0.7542256
270,ID53,mase,0.5624506,0.65590674,0.983624,0.70268184,0.5084646,0.7658864,2.2016478,0.8805478
271,ID54,mase,0.19145165,0.1962432,0.48308048,0.20036846,0.19351582,0.37682208,1.0507442,0.5048841
272,ID55,mase,0.4992381,0.43308967,0.58413744,0.4027414,0.80185306,0.3995921,0.7030925,0.8575211
273,ID56,mase,0.63188297,0.5275639,0.28730828,0.50853413,0.7990667,0.5003881,0.55348766,0.816769
274,ID57,mase,0.26214796,0.30637524,0.27002198,0.23004441,0.28013054,0.21826158,1.706076,0.5471446
275,ID58,mase,1.2456895,1.3057158,1.9115934,1.4448816,0.9390069,1.3709301,1.6481081,1.3091004
276,ID59,mase,0.090004295,0.06952729,0.028485104,0.09518046,0.098488696,0.06786755,0.09183069,0.10767942
277,ID6,mase,2.3393412,2.774055,2.3400426,2.1886754,2.4358442,2.7231307,1.7015153,1.662982
278,ID60,mase,0.70029265,0.37647852,0.254935,0.37539023,0.5700906,0.25200102,2.0854142,1.2307413
279,ID61,mase,0.46040326,0.44423348,0.74324894,0.53342634,0.4507007,0.6711174,2.624177,0.74332863
280,ID62,mase,0.4931634,0.36919647,0.64701563,0.28593805,0.5803575,0.4211929,1.8063034,0.91137534
281,ID63,mase,0.6341492,0.7417557,1.1087192,0.7298108,0.6034243,1.217268,2.9973226,0.49741524
282,ID64,mase,1.2397057,1.1567076,1.2764374,1.1438482,1.2636577,1.3849868,1.9618096,1.454434
283,ID65,mase,0.36811918,0.4715518,1.0911741,0.47619766,0.27741203,0.5169747,2.3018425,1.0567635
284,ID66,mase,0.9188136,0.69402516,0.24996325,0.64520234,0.9316335,0.65440285,1.2888321,0.8924047
285,ID67,mase,0.28501642,0.33890983,0.5924635,0.40862584,0.2776619,0.46833497,1.4799092,0.5028637
286,ID68,mase,1.6978514,1.7084305,1.8340245,1.6292083,1.7509999,1.629628,2.31717,1.1209999
287,ID69,mase,0.2259175,0.15652572,0.3075024,0.15229158,0.26082984,0.16320698,0.7509812,0.21192816
288,ID7,mase,1.0882379,1.1732001,2.1239662,0.91631806,0.8336325,1.2269924,1.4669906,1.4614636
289,ID70,mase,0.64279807,0.633904,0.6158528,0.60103065,0.68456274,0.714574,1.3731894,0.9811699
290,ID71,mase,0.8997051,1.0202216,1.5300624,1.1210988,0.7359111,1.0671101,1.3243284,0.82333595
291,ID72,mase,0.7557532,0.93386275,1.513544,1.0285078,0.6088242,1.0263748,1.8566087,0.6177479
292,ID73,mase,0.44689167,0.3983572,0.97527814,0.36701584,0.41277367,0.47580716,0.7558076,0.45554706
293,ID74,mase,0.35669008,0.5228969,1.1090105,0.52265847,0.29433775,0.70308924,2.142251,0.47022697
294,ID75,mase,1.4988242,1.4108598,0.9350868,1.3060486,1.8908561,1.2288611,1.0744196,3.1246302
295,ID76,mase,0.43148914,0.6629178,1.0573754,0.6789439,0.43222946,0.7058998,1.6901532,0.3549234
296,ID77,mase,0.61303717,0.40040687,0.87824655,0.4301319,0.5086116,0.7663558,1.2558736,0.9065805
297,ID78,mase,0.59712464,0.48853582,0.81801593,0.45436767,0.65135586,0.4530765,0.47089553,1.1950785
298,ID79,mase,1.1834474,1.0662475,0.7865997,1.0091027,1.2157903,0.97095,0.57724994,1.0224419
299,ID8,mase,1.4058685,1.5707827,1.3901378,1.5168688,1.7194806,1.4707437,1.3245687,1.1307452
300,ID80,mase,0.4921574,0.5667661,0.8642385,0.58294564,0.4575699,0.6398707,2.2845197,0.6679552
301,ID81,mase,2.8029435,2.8973136,2.5897436,2.7344985,2.9557428,2.9064186,2.4451873,0.5073725
302,ID82,mase,0.3943701,0.4014737,0.4113508,0.4493754,0.62026364,0.31943312,0.46071503,1.875705
303,ID83,mase,0.62033856,0.61277735,0.5700599,0.6948865,0.6750569,0.5970573,0.8694058,1.0994383
304,ID84,mase,2.1010568,2.099443,2.4032993,2.264335,1.9444823,2.1602259,1.8988174,0.77499485
305,ID85,mase,0.47221726,0.47340164,0.50958014,0.49250728,0.4675531,0.55806315,1.646734,0.46285254
306,ID86,mase,0.4742372,0.42531237,0.2631385,0.38934922,0.5812281,0.35119584,1.3872613,0.5144858
307,ID87,mase,2.9761426,2.9296002,2.9325614,3.0982218,2.9616075,2.4934933,1.7198153,0.22081468
308,ID88,mase,0.37570107,0.29659784,0.46175152,0.48422152,0.3117979,0.38996866,0.9463475,0.74004424
309,ID89,mase,1.1750062,1.0804235,0.9963279,1.5856135,1.2581923,0.6311179,2.4462512,1.5212287
310,ID9,mase,0.57832164,0.5940658,0.55692965,0.55494165,0.6695853,0.48894963,0.76511127,0.48102295
311,ID90,mase,0.7510963,0.6267894,0.6517422,0.97168356,0.61312515,0.6914861,2.0134475,2.049318
312,ID91,mase,0.5559805,0.49146634,0.22735062,0.41279665,0.45831895,0.5817486,0.9982839,1.8939593
313,ID92,mase,0.56957203,0.5375638,0.40828526,0.7734705,0.68749183,0.40684602,1.3628848,0.5817407
314,ID93,mase,0.7944659,0.65951043,0.7077626,0.94411963,0.6563556,0.64366794,1.342591,1.3564384
315,ID94,mase,1.2273937,1.124345,1.1599392,0.9295882,1.059998,1.3904402,0.54539007,0.7686974
316,ID95,mase,1.1481589,1.1626502,1.442501,1.8401757,1.1974833,0.78417164,3.148166,1.0350243
317,ID96,mase,4.323853,4.289535,4.1687317,4.3274107,4.0609965,4.105713,3.2195878,1.706084
318,ID97,mase,0.30485284,0.3728624,0.40698156,0.24925335,0.3344685,0.6554838,1.1439843,0.39815575
319,ID98,mase,1.464551,1.5804082,1.8546736,1.3360735,1.2988868,2.1356702,2.0599816,0.6807398
320,ID99,mase,0.7031335,0.67163503,0.7864012,0.63731253,0.7474945,0.61084497,0.7210003,1.3008499
321,ID0,smape,0.4557785,0.44862583,0.46207428,0.4376221,0.44941282,0.45848253,0.3899673,0.47445586
322,ID1,smape,0.035600234,0.038037103,0.054433256,0.029957322,0.029943904,0.04779729,0.04238102,0.035902444
323,ID10,smape,0.059133645,0.06536374,0.084615976,0.070553534,0.051740814,0.07011556,0.09391171,0.020242656
324,ID100,smape,0.019830069,0.017724631,0.019465037,0.024018614,0.020171475,0.019820867,0.032840706,0.033183083
325,ID101,smape,0.018640576,0.016960101,0.024167018,0.02135027,0.018687343,0.02196497,0.045128208,0.021524535
326,ID102,smape,0.028413674,0.022761114,0.012512806,0.043374445,0.020435369,0.01835435,0.06382608,0.016577382
327,ID103,smape,0.09549724,0.08860765,0.07754577,0.105614565,0.0975926,0.08955553,0.1275507,0.07068504
328,ID104,smape,0.26771617,0.25882,0.2843775,0.25120607,0.24889171,0.28997675,0.32234362,0.3255794
329,ID105,smape,0.065813646,0.061286557,0.06427383,0.065895535,0.060989786,0.058079425,0.12895153,0.05629629
330,ID106,smape,0.10652483,0.10908157,0.11068935,0.10823042,0.10718798,0.11028969,0.18066518,0.10990105
331,ID107,smape,0.047792625,0.043708753,0.040342152,0.046681534,0.045503978,0.046077672,0.052527945,0.073149785
332,ID108,smape,0.037860047,0.028688982,0.019587591,0.03889595,0.037648987,0.02850581,0.044788152,0.02382348
333,ID109,smape,0.022447085,0.025422903,0.040929683,0.012581519,0.02398997,0.027590632,0.020599382,0.02474125
334,ID11,smape,0.044489335,0.03844131,0.024144853,0.046316415,0.053480934,0.03875245,0.043769915,0.062003657
335,ID110,smape,0.03156306,0.024180263,0.021284422,0.040499378,0.025870265,0.018153554,0.04604869,0.029022152
336,ID111,smape,0.030244814,0.038259823,0.04166765,0.031231543,0.036877092,0.045091927,0.08772422,0.025573283
337,ID112,smape,0.061816275,0.060185198,0.062382508,0.08707651,0.052080486,0.043847296,0.10703624,0.034524154
338,ID113,smape,0.17046498,0.1705935,0.17811245,0.16711108,0.15017961,0.15168913,0.23473692,0.1596474
339,ID114,smape,0.1257614,0.12156904,0.11467555,0.09342692,0.100146,0.15688871,0.14026342,0.11694953
340,ID115,smape,0.1380751,0.17467533,0.13899474,0.15632103,0.18329191,0.21666378,0.33994725,0.14420296
341,ID116,smape,0.021021454,0.03144716,0.018903665,0.019982258,0.018939085,0.039298616,0.19730043,0.043051105
342,ID117,smape,0.021064496,0.014118024,0.007609032,0.031308427,0.014576116,0.009959288,0.021715017,0.006082577
343,ID118,smape,0.032518685,0.026104473,0.019886168,0.049075115,0.026347453,0.021416737,0.057860225,0.027856572
344,ID119,smape,0.017635556,0.0147003755,0.0040861564,0.0355743,0.011352784,0.008370574,0.03765857,0.016287401
345,ID12,smape,0.04042122,0.03520185,0.02549802,0.026517896,0.041082468,0.023820026,0.058503512,0.019017937
346,ID120,smape,0.0107591,0.007877267,0.02252513,0.01310449,0.009528195,0.0073683523,0.015841303,0.010137952
347,ID121,smape,0.012650183,0.009373029,0.012147497,0.024134926,0.007794455,0.009037965,0.022437932,0.016613085
348,ID122,smape,0.04313905,0.038194105,0.028669914,0.056342732,0.042639535,0.0273802,0.0794479,0.036578115
349,ID123,smape,0.020474585,0.017343784,0.020057218,0.024058478,0.018356945,0.01937516,0.0569112,0.031041643
350,ID124,smape,0.06968087,0.062214058,0.051886633,0.067755215,0.08062386,0.051937263,0.08039255,0.14968519
351,ID125,smape,0.031668477,0.023765184,0.031500384,0.05927509,0.01957466,0.015351606,0.08035082,0.032817055
352,ID126,smape,0.029504975,0.031079544,0.0392276,0.029379366,0.030756464,0.032645617,0.049931332,0.0313053
353,ID127,smape,0.03509563,0.02779063,0.025378281,0.05484068,0.025445858,0.026931206,0.091609605,0.050336838
354,ID128,smape,0.040482476,0.028194213,0.03311141,0.040250536,0.038840953,0.028371401,0.076725006,0.0923653
355,ID129,smape,0.037644163,0.041067775,0.036832917,0.040944334,0.023522327,0.024104118,0.088604786,0.0703409
356,ID13,smape,0.017912233,0.012746043,0.022757003,0.014514222,0.029441742,0.015207627,0.053580586,0.03670874
357,ID130,smape,0.06340002,0.06848152,0.06270951,0.06728211,0.08377486,0.05572818,0.08467218,0.1295224
358,ID131,smape,0.011948098,0.009274772,0.012140423,0.021095535,0.008342065,0.005922344,0.03205707,0.01523763
359,ID132,smape,0.02091474,0.020027243,0.031762928,0.022620963,0.016814396,0.020818744,0.02554182,0.037461568
360,ID133,smape,0.037737552,0.035137396,0.02295173,0.052143976,0.03167205,0.021254376,0.021868542,0.024107797
361,ID134,smape,0.02541704,0.024875754,0.025389219,0.021538125,0.027227337,0.029507421,0.080142744,0.030569887
362,ID135,smape,0.023989039,0.017249342,0.007784443,0.03567814,0.015553006,0.012879372,0.04681018,0.011480532
363,ID136,smape,0.024899995,0.019522583,0.011447862,0.027450839,0.023674702,0.020941125,0.038392838,0.017844496
364,ID137,smape,0.031142073,0.024324497,0.012973347,0.035773046,0.029134994,0.019143093,0.0374269,0.029395143
365,ID138,smape,0.02292013,0.0179972,0.007962051,0.03176834,0.026721178,0.0126471035,0.026808714,0.02203696
366,ID139,smape,0.025525296,0.01942303,0.015881678,0.029408047,0.022102684,0.01706163,0.021133883,0.035133485
367,ID14,smape,0.014267966,0.013320494,0.031125883,0.011658902,0.012295264,0.014658264,0.02644317,0.02427122
368,ID140,smape,0.037635718,0.031075606,0.02121933,0.049719777,0.038048588,0.023292214,0.056813966,0.03122137
369,ID141,smape,0.03480316,0.02991593,0.013203875,0.04846978,0.034509465,0.026706541,0.04151285,0.03028573
370,ID142,smape,0.02265065,0.019608347,0.022510698,0.019354302,0.020141805,0.021671483,0.04337576,0.029923024
371,ID143,smape,0.063212305,0.05661471,0.06538802,0.05319089,0.058210984,0.0612583,0.049937356,0.051195562
372,ID144,smape,0.029045785,0.021992913,0.013435557,0.037579216,0.023136595,0.016707465,0.050104637,0.023334024
373,ID145,smape,0.019609405,0.020368027,0.037226733,0.014558426,0.02711193,0.022247901,0.023854015,0.050231148
374,ID146,smape,0.022181638,0.017019704,0.020359829,0.014547407,0.017147247,0.017890915,0.05553555,0.03294789
375,ID147,smape,0.024363557,0.01950173,0.010222564,0.03712753,0.018712,0.012528052,0.043843802,0.018170485
376,ID148,smape,0.014655344,0.011071954,0.021184593,0.015334676,0.012296713,0.014214817,0.039413866,0.031952616
377,ID149,smape,0.039869834,0.03722728,0.031807423,0.06789872,0.027743654,0.02397984,0.07520172,0.06161071
378,ID15,smape,0.065968685,0.06445757,0.0979299,0.06797286,0.039291162,0.074582934,0.08451018,0.035117168
379,ID150,smape,0.0150107555,0.01242623,0.013199952,0.021263927,0.012781416,0.015656907,0.050146684,0.019444859
380,ID151,smape,0.024320543,0.01872268,0.016601926,0.02766822,0.022819398,0.017260903,0.060224336,0.033349413
381,ID152,smape,0.023196144,0.019973578,0.016906986,0.03694356,0.017118905,0.016103746,0.034505855,0.031768616
382,ID153,smape,0.04046281,0.033833824,0.036091607,0.053906154,0.034638222,0.025060786,0.11209399,0.026928196
383,ID154,smape,0.023527712,0.019249259,0.028040826,0.01759994,0.020843314,0.022528915,0.017736094,0.03417453
384,ID155,smape,0.022126883,0.0202396,0.027323246,0.017396184,0.018458512,0.028360317,0.04055579,0.03319039
385,ID156,smape,0.035712715,0.031973973,0.019585872,0.049590748,0.031029219,0.02542267,0.048508283,0.025241988
386,ID157,smape,0.022631824,0.02788089,0.033146907,0.027638348,0.025491143,0.03153499,0.06715323,0.032939844
387,ID158,smape,0.03742315,0.037911024,0.035142925,0.054186035,0.037529405,0.022088334,0.084303744,0.027911233
388,ID159,smape,0.014728052,0.011675357,0.017039632,0.02035222,0.013109977,0.015208748,0.037939165,0.04348515
389,ID16,smape,0.021089857,0.016244803,0.011521008,0.027815282,0.022406938,0.014044955,0.030136349,0.028845878
390,ID160,smape,0.028863298,0.025888005,0.027854266,0.021879407,0.024573559,0.02759461,0.052017137,0.04022478
391,ID161,smape,0.033718776,0.027726175,0.017331028,0.049824808,0.02791884,0.021732913,0.056453217,0.031598587
392,ID162,smape,0.04051894,0.035269506,0.02779678,0.052163318,0.036265288,0.02431027,0.06706754,0.0344186
393,ID163,smape,0.033014785,0.025123185,0.02652271,0.046959106,0.027736893,0.021284306,0.08827882,0.023148423
394,ID164,smape,0.00967797,0.006656964,0.018084494,0.014532381,0.008742338,0.008470924,0.029135361,0.011799727
395,ID165,smape,0.020520767,0.016057039,0.016602917,0.022426262,0.017138695,0.019270483,0.0380888,0.026919669
396,ID166,smape,0.031063115,0.027016787,0.02630311,0.03455369,0.028941503,0.028308474,0.03349408,0.034447838
397,ID167,smape,0.046815466,0.04133321,0.035321984,0.06647595,0.04179435,0.036284458,0.082361706,0.019988993
398,ID168,smape,0.034316618,0.029122718,0.026407054,0.04509181,0.027691836,0.026270568,0.054498088,0.042440906
399,ID169,smape,0.028248535,0.026150383,0.035023425,0.019015236,0.03560252,0.036095023,0.03746776,0.051926587
400,ID17,smape,0.046788972,0.041001167,0.046173617,0.03947574,0.04715854,0.038837153,0.06177008,0.06275744
401,ID170,smape,0.03617825,0.029868484,0.022886768,0.03998871,0.032919243,0.025127714,0.047042098,0.03991297
402,ID171,smape,0.021804154,0.013762395,0.0070391144,0.03164001,0.015193059,0.010084698,0.04405995,0.019369375
403,ID172,smape,0.01820828,0.010653983,0.0073288246,0.030125737,0.010713648,0.007612658,0.046156596,0.02406449
404,ID173,smape,0.023430625,0.022549627,0.022655604,0.026466409,0.02240721,0.032125115,0.040992133,0.029085526
405,ID174,smape,0.015384238,0.01170379,0.011627412,0.029374316,0.011489005,0.010322916,0.038957916,0.04300106
406,ID175,smape,0.061323386,0.05387068,0.061062466,0.0904214,0.047832057,0.040684093,0.08427754,0.02704618
407,ID176,smape,0.020898929,0.020388052,0.02969935,0.01364417,0.016062776,0.037669253,0.059611607,0.026959835
408,ID177,smape,0.024958665,0.019576525,0.012477633,0.036906045,0.021743732,0.016215837,0.05139029,0.030494532
409,ID178,smape,0.038966138,0.029647136,0.048807174,0.01945979,0.033377457,0.04288135,0.025058895,0.114472486
410,ID179,smape,0.02380491,0.016852556,0.0153792305,0.029322868,0.01797506,0.02086548,0.046165764,0.03930839
411,ID18,smape,0.015894176,0.020660905,0.03879262,0.020858897,0.013631648,0.024237985,0.059759885,0.025625115
412,ID180,smape,0.022256562,0.024768518,0.035429876,0.016597841,0.020280885,0.037537176,0.040600687,0.023940114
413,ID181,smape,0.019925814,0.012768302,0.011059105,0.028979862,0.013784398,0.016170865,0.052453626,0.020063842
414,ID182,smape,1.0,1.0,1.0,1.0,1.0,1.0,1.0,0.0
415,ID183,smape,0.012933635,0.0150409425,0.017098555,0.013335309,0.012423708,0.022828182,0.05508542,0.029995622
416,ID184,smape,0.03869574,0.02955825,0.024518436,0.042113096,0.035244517,0.021095702,0.06528216,0.030665109
417,ID185,smape,0.023657031,0.017173776,0.011007254,0.03943583,0.015598861,0.0133539485,0.045186073,0.04462524
418,ID186,smape,0.021734921,0.016508074,0.015873944,0.041534875,0.01474502,0.013656191,0.064832084,0.037936106
419,ID187,smape,0.021813026,0.01560028,0.008907996,0.03375301,0.015281156,0.010148556,0.051214416,0.014015395
420,ID188,smape,0.0466509,0.04674405,0.05542813,0.03180032,0.039166335,0.06524544,0.038244218,0.022911333
421,ID189,smape,0.013808268,0.013647272,0.024022786,0.019456066,0.012351834,0.018633047,0.032557275,0.029214786
422,ID19,smape,0.04891084,0.049863994,0.07042829,0.052316695,0.055358436,0.050173566,0.07659526,0.026009476
423,ID190,smape,0.015287641,0.011802222,0.018844916,0.020164527,0.012648291,0.012120545,0.022451825,0.012911767
424,ID191,smape,0.020956405,0.01547455,0.012948505,0.03383123,0.016270952,0.013481986,0.060355216,0.020343395
425,ID192,smape,0.020859018,0.014426525,0.00976719,0.03573828,0.014021192,0.012165292,0.050714944,0.031253908
426,ID193,smape,0.017786404,0.019609146,0.038854394,0.02197302,0.021881739,0.022002926,0.06498586,0.021236524
427,ID194,smape,0.024897734,0.020343497,0.018322937,0.043337267,0.019547356,0.015962368,0.0729816,0.034801517
428,ID195,smape,0.021791933,0.015410206,0.009831225,0.025420045,0.022263959,0.009571205,0.027734159,0.024945667
429,ID196,smape,0.028218478,0.025594011,0.015430163,0.04602687,0.023499569,0.018322513,0.047078162,0.02054061
430,ID197,smape,0.019693317,0.01740326,0.021983983,0.024265086,0.016932292,0.02099596,0.023222363,0.04617837
431,ID198,smape,0.022636794,0.026144989,0.053304475,0.020677418,0.017279837,0.033487853,0.04510979,0.029140146
432,ID199,smape,0.020417115,0.014985959,0.017736286,0.02016701,0.022118911,0.016612174,0.04029959,0.03137825
433,ID2,smape,0.0092317015,0.0062568635,0.013072752,0.016938088,0.003532894,0.005448651,0.01600691,0.014771792
434,ID20,smape,0.05207636,0.0418681,0.027327443,0.058916744,0.044204336,0.047086775,0.047661692,0.059900388
435,ID200,smape,0.010687575,0.013072812,0.03357835,0.011106506,0.01339051,0.014339376,0.042174127,0.033368107
436,ID201,smape,0.029195355,0.025967924,0.04097837,0.018680688,0.026397599,0.031669136,0.033266027,0.035078686
437,ID202,smape,0.024993332,0.019509835,0.018363157,0.037150767,0.023057984,0.018489817,0.05177483,0.023421548
438,ID203,smape,0.024145866,0.01808305,0.006345266,0.031376887,0.016165482,0.013005686,0.0494142,0.013878892
439,ID204,smape,0.022107586,0.01519006,0.008956882,0.025479414,0.024620526,0.00883394,0.040421102,0.022131456
440,ID205,smape,0.026242936,0.02703456,0.021011306,0.05509569,0.02262125,0.018228395,0.03555104,0.049920496
441,ID206,smape,0.023362333,0.020066256,0.012549367,0.035823733,0.019974848,0.01643292,0.05008046,0.019801628
442,ID207,smape,0.018261744,0.019584123,0.04320629,0.008218134,0.019015761,0.02732764,0.061700452,0.047911596
443,ID208,smape,0.014963724,0.011558022,0.014660797,0.021374911,0.014562524,0.009892754,0.03314221,0.039804853
444,ID209,smape,0.019063734,0.014491916,0.020698037,0.020395016,0.016003398,0.013888758,0.014786765,0.042924434
445,ID21,smape,0.038796604,0.033408925,0.021404207,0.030007461,0.04274531,0.023408294,0.060776953,0.055730302
446,ID210,smape,0.04798998,0.047828015,0.05589233,0.05013756,0.04796036,0.050247833,0.06663924,0.07606194
447,ID211,smape,0.025942773,0.019835858,0.010364016,0.03471564,0.027050907,0.013899635,0.029248571,0.028624987
448,ID212,smape,0.01649107,0.011405275,0.011455864,0.025777185,0.0125640845,0.011362146,0.03920674,0.015992193
449,ID213,smape,0.022810044,0.018356394,0.009948478,0.02842494,0.020123126,0.016371908,0.028993422,0.02506412
450,ID214,smape,0.015161522,0.013636295,0.01863339,0.016637571,0.014742307,0.014166881,0.024292931,0.030185305
451,ID215,smape,0.017864475,0.012941317,0.013333206,0.023693621,0.014240383,0.009830247,0.023973577,0.011941039
452,ID216,smape,0.03383019,0.027479531,0.021774873,0.049470287,0.026692575,0.018416842,0.058219593,0.016312066
453,ID217,smape,0.05012859,0.04500493,0.026793288,0.061023716,0.04593922,0.03992923,0.05460115,0.03567187
454,ID218,smape,0.012333627,0.0099291345,0.024595568,0.012049292,0.010259698,0.013836066,0.03800204,0.029234638
455,ID219,smape,0.029323382,0.020355128,0.013007592,0.030238984,0.02810316,0.017994026,0.037154004,0.030737361
456,ID22,smape,0.03710759,0.03485708,0.017955082,0.034083914,0.045525208,0.023676239,0.038321704,0.026199343
457,ID220,smape,0.025794638,0.020669049,0.015965844,0.034106646,0.027447613,0.0189794,0.046440225,0.02792354
458,ID221,smape,0.034133922,0.025703622,0.014581283,0.033302814,0.033789087,0.025765305,0.06038025,0.050208095
459,ID222,smape,0.023588603,0.018165996,0.007842861,0.03153715,0.020482998,0.017203886,0.050418664,0.024547292
460,ID223,smape,0.026735866,0.021801477,0.012354477,0.039754815,0.021858254,0.01618181,0.015191204,0.03850628
461,ID224,smape,0.021753987,0.018195404,0.01762634,0.029865244,0.025044026,0.017086916,0.040551055,0.037654284
462,ID225,smape,0.02364049,0.019683486,0.015466257,0.036493156,0.020812863,0.016634079,0.03717751,0.03805406
463,ID226,smape,0.020355696,0.016108189,0.019627325,0.018548978,0.017025808,0.016565686,0.022655122,0.01650327
464,ID227,smape,0.015749337,0.013774693,0.03126056,0.009299212,0.017604945,0.011239652,0.020661257,0.030208847
465,ID228,smape,0.018112486,0.0141934985,0.013386134,0.025793022,0.015196611,0.013212722,0.046591204,0.021352872
466,ID229,smape,0.04197156,0.03524773,0.026769817,0.056279153,0.041582078,0.028520176,0.070984684,0.034110606
467,ID23,smape,0.08717549,0.09229985,0.10986626,0.09685448,0.08379343,0.1107299,0.14910865,0.032335814
468,ID230,smape,0.023688577,0.02242823,0.019361688,0.047054365,0.020205388,0.018104823,0.035510674,0.029591369
469,ID231,smape,0.020266624,0.017387941,0.014968849,0.02487228,0.018506452,0.014173868,0.04873599,0.020555332
470,ID232,smape,0.023275882,0.017041765,0.029359842,0.014050347,0.01921823,0.02576456,0.028252484,0.020186108
471,ID233,smape,0.031822447,0.026715083,0.019575037,0.048318114,0.026725218,0.016921189,0.05969234,0.021230295
472,ID234,smape,0.02509772,0.01824177,0.027518608,0.015807377,0.01722592,0.023404984,0.041342568,0.02299718
473,ID235,smape,0.016053349,0.009505083,0.014238684,0.024685046,0.011968487,0.00875827,0.022912504,0.022318324
474,ID236,smape,0.024623975,0.019543165,0.00864155,0.031049987,0.023238897,0.01733583,0.038876522,0.01798459
475,ID237,smape,0.027208405,0.022324694,0.01860406,0.031540018,0.023518076,0.0203246,0.04007955,0.022792265
476,ID238,smape,0.023167497,0.025791848,0.043445807,0.020210633,0.02306498,0.030836252,0.02934851,0.036567885
477,ID239,smape,0.012582877,0.009307988,0.016764725,0.017833294,0.010596607,0.009398309,0.030639395,0.025996894
478,ID24,smape,0.018153459,0.027590424,0.046914097,0.028213954,0.015799353,0.031443965,0.087820806,0.018955158
479,ID240,smape,0.021247787,0.017459188,0.0094301365,0.03411983,0.014998552,0.011678751,0.045944393,0.025407104
480,ID241,smape,0.026581222,0.020348752,0.0107715465,0.036613237,0.024010705,0.012824847,0.059279427,0.024702245
481,ID242,smape,0.021691373,0.015414271,0.011223678,0.025366759,0.016483616,0.013754471,0.044601608,0.014517306
482,ID243,smape,0.047602013,0.040885106,0.03522344,0.06313757,0.04578321,0.033336416,0.087084465,0.02842999
483,ID244,smape,0.019857239,0.016671894,0.008294913,0.033395108,0.013848304,0.010506016,0.036635045,0.018468255
484,ID245,smape,0.05539157,0.059162814,0.08916255,0.09119042,0.088088214,0.055407625,0.34024596,0.36804768
485,ID246,smape,0.0390256,0.03977758,0.012751631,0.041729793,0.0591588,0.025287211,0.059481252,0.08298139
486,ID247,smape,0.013009506,0.009641619,0.02757454,0.013131564,0.018474331,0.013532094,0.06559444,0.026940042
487,ID248,smape,0.021371596,0.020049036,0.025406428,0.025894746,0.020194095,0.02365788,0.023843566,0.048585217
488,ID249,smape,0.024685936,0.018373782,0.008601167,0.031539474,0.025908062,0.013801468,0.029349426,0.031016117
489,ID25,smape,0.08205296,0.07978048,0.08755786,0.07780874,0.08320343,0.07926269,0.1183877,0.03290658
490,ID250,smape,0.03273796,0.026873896,0.014173429,0.04531258,0.038022194,0.017712738,0.043039132,0.032798287
491,ID251,smape,0.024570296,0.018014645,0.012087495,0.034844387,0.02336009,0.017350825,0.04696389,0.028543571
492,ID252,smape,0.011527441,0.014209126,0.02998791,0.010740414,0.013761099,0.018558756,0.024627777,0.03332854
493,ID253,smape,0.023957849,0.022845073,0.016625872,0.03077468,0.03286356,0.01712391,0.03173583,0.029554
494,ID254,smape,0.014838734,0.009739616,0.007617677,0.028560633,0.01039432,0.009381223,0.04364981,0.03170894
495,ID255,smape,0.03914601,0.031693246,0.032423373,0.05585747,0.03890888,0.021446362,0.08463799,0.04769322
496,ID256,smape,0.015846223,0.01634118,0.034006238,0.010503691,0.014477137,0.023932396,0.035705138,0.019359834
497,ID257,smape,0.022414073,0.016222702,0.02830512,0.012635003,0.017105458,0.023778392,0.023910685,0.025338233
498,ID258,smape,0.026533276,0.031393014,0.05458707,0.028926589,0.019685287,0.031291533,0.051353216,0.028684074
499,ID259,smape,0.03215688,0.023390137,0.014262497,0.032515805,0.030027814,0.019022288,0.029249938,0.029157879
500,ID26,smape,0.014262181,0.01817563,0.034337837,0.019821027,0.011574504,0.025675572,0.07072335,0.029544642
501,ID260,smape,0.019490192,0.017545568,0.030447705,0.014336021,0.020091442,0.024520786,0.024670104,0.06930798
502,ID261,smape,0.01799515,0.013524774,0.027832001,0.011141718,0.01329534,0.017111646,0.024579637,0.030991612
503,ID262,smape,0.042019814,0.036327977,0.022233687,0.051967632,0.038550194,0.03046299,0.042587906,0.022141801
504,ID263,smape,0.032604974,0.023373522,0.017048867,0.044379953,0.02350981,0.018188292,0.05677909,0.024044694
505,ID264,smape,0.025578314,0.025333636,0.023959965,0.038055327,0.025026316,0.024629375,0.038036104,0.039605077
506,ID265,smape,0.02506432,0.02423322,0.011343929,0.042933673,0.018059121,0.018597333,0.04753253,0.03159434
507,ID266,smape,0.03424013,0.025686204,0.02260852,0.045026284,0.02860626,0.025893105,0.038337,0.035341308
508,ID267,smape,0.021751756,0.015956862,0.009392467,0.035026044,0.016447656,0.008604906,0.052389745,0.011458016
509,ID268,smape,0.01943148,0.01660444,0.021150311,0.018340068,0.016756127,0.022788823,0.046905056,0.022458525
510,ID269,smape,0.018249968,0.014189831,0.018713547,0.014636521,0.014022621,0.015956236,0.04018731,0.028791405
511,ID27,smape,0.022170207,0.016004046,0.024008006,0.017043432,0.020984745,0.013666462,0.045081824,0.050764903
512,ID270,smape,0.015959106,0.010981067,0.0069641895,0.023836695,0.010524221,0.015405245,0.087738626,0.0505166
513,ID271,smape,0.02500841,0.022502998,0.010673788,0.034575656,0.023132345,0.012810946,0.04437922,0.024310986
514,ID272,smape,0.01822142,0.016476167,0.018384969,0.016479665,0.017282391,0.02193982,0.040811557,0.040045336
515,ID273,smape,0.015587653,0.009947215,0.011083643,0.02109483,0.010744647,0.014185234,0.036869638,0.017929958
516,ID274,smape,0.012141664,0.011281389,0.022783933,0.016339248,0.011598144,0.014978831,0.03282148,0.0175889
517,ID275,smape,0.022644492,0.02143062,0.03215915,0.009011258,0.02239179,0.030719876,0.030765956,0.036254715
518,ID276,smape,0.01523295,0.012347666,0.01762488,0.022014305,0.014332123,0.018476939,0.047291104,0.030310119
519,ID277,smape,0.013076876,0.011840588,0.023477683,0.009036667,0.01018793,0.020034716,0.03387225,0.013311853
520,ID278,smape,0.017733077,0.012141425,0.014793445,0.03134303,0.017598981,0.02378878,0.0989785,0.026435202
521,ID279,smape,0.014082021,0.009273672,0.008977884,0.028723573,0.009978147,0.013264083,0.052549858,0.032435637
522,ID28,smape,0.012467937,0.019221848,0.039054606,0.018342277,0.014017875,0.018641414,0.0550334,0.029872542
523,ID280,smape,0.015662083,0.013046003,0.014326076,0.025125496,0.013144289,0.014558188,0.048409324,0.031495433
524,ID281,smape,0.026699753,0.0224929,0.027129369,0.01862401,0.023673557,0.028366638,0.028789297,0.019964205
525,ID282,smape,0.01802663,0.01925267,0.035116673,0.007303182,0.024806628,0.022168899,0.014920805,0.064523295
526,ID283,smape,0.019216707,0.019335436,0.018563952,0.031309854,0.019400675,0.020250047,0.04458909,0.04244506
527,ID284,smape,0.03163174,0.032214064,0.019672235,0.046704043,0.033089984,0.015000814,0.05074516,0.035707023
528,ID285,smape,0.02450491,0.025093436,0.030703185,0.02778986,0.026429968,0.028049864,0.033284638,0.025672697
529,ID286,smape,0.104137905,0.11264983,0.13028379,0.11566209,0.10156184,0.11445855,0.19043161,0.10203918
530,ID287,smape,0.06286318,0.06050019,0.056717277,0.06510234,0.061806556,0.066235684,0.07725459,0.112259425
531,ID288,smape,0.04857928,0.051634263,0.07643245,0.048740417,0.045246452,0.058678243,0.10904918,0.0758943
532,ID289,smape,0.059263732,0.06360409,0.06984495,0.059476823,0.06098861,0.065663196,0.06807209,0.08083148
533,ID29,smape,0.14417945,0.14407451,0.12620343,0.13199379,0.17162055,0.14787789,0.20297934,0.13398251
534,ID290,smape,0.030967394,0.027162865,0.03193221,0.04952694,0.025647858,0.030496724,0.100754,0.05475737
535,ID291,smape,0.0501775,0.049829688,0.04384768,0.07524858,0.04363258,0.036699887,0.11892018,0.044257436
536,ID292,smape,0.015723938,0.011716753,0.019095154,0.02291567,0.012892495,0.014538438,0.024352709,0.040255096
537,ID293,smape,0.026599376,0.022029677,0.019495472,0.03154275,0.02355873,0.020424465,0.04974507,0.040624227
538,ID294,smape,0.05934285,0.060437035,0.054767814,0.04377785,0.053829428,0.09195156,0.08281547,0.07361662
539,ID295,smape,0.043629885,0.042945474,0.025766877,0.04036936,0.06733108,0.03219175,0.07159084,0.04675707
540,ID296,smape,0.016360475,0.014479857,0.022723252,0.017064543,0.019166855,0.019992998,0.022725804,0.06911222
541,ID297,smape,0.025245667,0.021059573,0.025417233,0.028076535,0.025424166,0.026048258,0.03201325,0.091795266
542,ID298,smape,0.60778993,0.6015047,0.60001755,0.5827027,0.602346,0.611623,0.56724745,0.5833333
543,ID299,smape,0.07878065,0.074862145,0.10828066,0.06906396,0.04893908,0.11371044,0.19723977,0.3204452
544,ID3,smape,0.010988109,0.006802067,0.020981925,0.010730037,0.008880628,0.01174767,0.05883853,0.020434013
545,ID30,smape,0.06421579,0.0693306,0.101224564,0.07644699,0.04890522,0.08057731,0.109615184,0.057219002
546,ID300,smape,0.044046674,0.045516204,0.062022176,0.08795921,0.042084236,0.03160379,0.10583838,0.04279333
547,ID301,smape,0.055308253,0.05056152,0.05181326,0.034689303,0.056775782,0.06271284,0.045260087,0.1048122
548,ID302,smape,0.036021512,0.028997242,0.029902069,0.018935526,0.027023703,0.041412476,0.055197254,0.030973956
549,ID303,smape,0.062684946,0.050357807,0.06462736,0.10688939,0.067257494,0.06888822,0.30579224,0.1347592
550,ID304,smape,0.0070176623,0.00535853,0.02047736,0.011464209,0.008633918,0.010697064,0.033625312,0.023437472
551,ID305,smape,0.0784143,0.06907029,0.06437579,0.070017286,0.06584491,0.08766404,0.061647143,0.07366816
552,ID306,smape,0.040001627,0.032809854,0.027755627,0.052613243,0.030723168,0.024356985,0.07069017,0.02524086
553,ID307,smape,0.382774,0.38144234,0.37610117,0.36522666,0.3800865,0.41418377,0.3381944,0.3881012
554,ID308,smape,0.034493893,0.02802331,0.013830279,0.04365093,0.028015235,0.01784987,0.046353254,0.029507121
555,ID309,smape,0.045793697,0.041776825,0.044428397,0.06462016,0.04086192,0.04252018,0.09579169,0.056848373
556,ID31,smape,0.015457406,0.019974442,0.0387046,0.014288653,0.011085416,0.019671863,0.03926233,0.025607571
557,ID310,smape,0.1219111,0.11794615,0.12964277,0.12795465,0.13762726,0.08691785,0.23555899,0.28430107
558,ID311,smape,0.022696534,0.019439273,0.019880766,0.04038888,0.01749861,0.017897896,0.077500455,0.040167317
559,ID312,smape,0.041833866,0.04739179,0.053045522,0.03447851,0.04515934,0.05883499,0.039656878,0.051725466
560,ID313,smape,0.03457906,0.030943073,0.028921196,0.04222752,0.032910742,0.05239338,0.14436017,0.040948328
561,ID314,smape,0.023067705,0.020842472,0.015749218,0.043313395,0.01927705,0.019232918,0.09089246,0.08016433
562,ID315,smape,0.015016121,0.011716868,0.014682754,0.033686582,0.014128897,0.025507217,0.0877957,0.032474194
563,ID316,smape,0.12387403,0.120615065,0.11564531,0.13694717,0.13621962,0.09834126,0.18294369,0.16002893
564,ID317,smape,0.06852801,0.07251149,0.070780575,0.055986892,0.078948416,0.0866983,0.053550974,0.12253443
565,ID318,smape,0.051549878,0.035069305,0.061951984,0.074534595,0.046198767,0.03819329,0.20465036,0.015249707
566,ID319,smape,0.009932994,0.0110874,0.026867645,0.0076884576,0.011607964,0.012723318,0.020038754,0.031703897
567,ID32,smape,0.29194763,0.13633873,0.3720701,0.18016453,0.16479762,0.2899698,0.43617094,0.5494799
568,ID320,smape,0.019578198,0.015019897,0.021928804,0.013486656,0.015337908,0.020789737,0.036723997,0.020607656
569,ID33,smape,0.048759084,0.05693264,0.079458125,0.058731098,0.03397944,0.059512824,0.06873046,0.07387583
570,ID34,smape,0.016191486,0.011408902,0.02363175,0.010354227,0.01758846,0.015273,0.051248226,0.045849968
571,ID35,smape,0.056318715,0.065349385,0.08128921,0.06427026,0.04919618,0.06568083,0.07317075,0.011305735
572,ID36,smape,0.096657015,0.09495848,0.10721707,0.09859138,0.09400287,0.096056946,0.11258948,0.08333639
573,ID37,smape,0.02807825,0.03146241,0.04681896,0.033597853,0.023781762,0.03716845,0.06989528,0.029417315
574,ID38,smape,0.038903456,0.038059752,0.042430922,0.037671614,0.038311757,0.036434386,0.04487372,0.04717818
575,ID39,smape,0.07977789,0.089107536,0.10518662,0.08875453,0.0755826,0.091598846,0.14857258,0.04713504
576,ID4,smape,0.021549163,0.021780327,0.032009367,0.02729524,0.021967577,0.03488512,0.13909364,0.05744886
577,ID40,smape,0.019834975,0.014813718,0.018526204,0.012118333,0.022058705,0.013511878,0.042281177,0.011663432
578,ID41,smape,0.03421834,0.039165035,0.057225913,0.039956715,0.029437728,0.041791942,0.05841138,0.022095835
579,ID42,smape,0.030058138,0.03155037,0.058911007,0.030907342,0.016113048,0.044063207,0.05757368,0.040787388
580,ID43,smape,0.014330085,0.008484309,0.023300985,0.008015863,0.019280937,0.010512069,0.050015587,0.029377073
581,ID44,smape,0.020853922,0.027102903,0.043442715,0.027559444,0.016435498,0.033865348,0.08494255,0.032839414
582,ID45,smape,0.018756535,0.02350126,0.044937577,0.024729727,0.013358939,0.023090737,0.035554443,0.02215299
583,ID46,smape,0.12034949,0.1223422,0.15744688,0.13318935,0.09924971,0.13871048,0.18159209,0.073294654
584,ID47,smape,0.007662567,0.008139032,0.023421163,0.0070097395,0.00890153,0.010721006,0.044516888,0.032400012
585,ID48,smape,0.04534624,0.039297234,0.038398515,0.037844244,0.05556578,0.03432681,0.041937336,0.05861533
586,ID49,smape,0.054376647,0.058728945,0.089158304,0.06215332,0.038296927,0.06543664,0.0970607,0.04699051
587,ID5,smape,0.01758636,0.01809539,0.032835215,0.018266508,0.01793378,0.033887107,0.09654391,0.03224761
588,ID50,smape,0.016120402,0.019978229,0.03873555,0.018609589,0.013850776,0.022059368,0.0641805,0.041598972
589,ID51,smape,0.025306314,0.029639414,0.050570887,0.031278938,0.018837469,0.031193057,0.06013583,0.06001095
590,ID52,smape,0.044195,0.036506478,0.020756656,0.03360336,0.051846817,0.025616854,0.059416022,0.039127868
591,ID53,smape,0.024134407,0.028074073,0.04146975,0.029976673,0.021828344,0.032552633,0.08336386,0.037627406
592,ID54,smape,0.0084519405,0.0086503215,0.020812541,0.008862096,0.008554071,0.016284553,0.043906543,0.022065545
593,ID55,smape,0.025311643,0.021723466,0.028929243,0.020145418,0.041725516,0.019914955,0.03446845,0.04207773
594,ID56,smape,0.029932858,0.024805957,0.013276269,0.023895657,0.038304172,0.023468807,0.02537767,0.03789934
595,ID57,smape,0.06719967,0.07809406,0.068980485,0.059612144,0.07202337,0.05675519,0.8993822,0.2561109
596,ID58,smape,0.0646912,0.06765554,0.09574898,0.074311115,0.049548745,0.07079031,0.082204,0.065187044
597,ID59,smape,0.026255978,0.02011661,0.008104223,0.027801692,0.02880966,0.019689677,0.025982127,0.030087715
598,ID6,smape,0.4493715,0.4907359,0.45022953,0.43038297,0.45573673,0.48633364,0.38360512,0.22510661
599,ID60,smape,0.024904216,0.013186977,0.008840212,0.013220985,0.020159425,0.008885733,0.06533996,0.044294253
600,ID61,smape,0.013566095,0.013045177,0.021319238,0.015568688,0.013290628,0.019300718,0.06875453,0.022020785
601,ID62,smape,0.0151596265,0.0113984505,0.019612802,0.00880921,0.017833348,0.012833883,0.049774334,0.028441891
602,ID63,smape,0.030424662,0.035282236,0.05135626,0.034532916,0.02896743,0.055465933,0.11956165,0.023725813
603,ID64,smape,0.081741765,0.07590709,0.08270609,0.07492771,0.0860112,0.08976912,0.12572666,0.08562848
604,ID65,smape,0.010947301,0.013960536,0.03152528,0.014094141,0.008251139,0.015231043,0.063762866,0.03080901
605,ID66,smape,0.03190388,0.023882449,0.0084636705,0.022199402,0.03236148,0.022550039,0.043316294,0.03097491
606,ID67,smape,0.015480052,0.018422,0.03177655,0.022126773,0.015063524,0.02513274,0.072970144,0.026818143
607,ID68,smape,0.076008804,0.07641376,0.08113339,0.07342652,0.07810972,0.0733981,0.09806186,0.048219875
608,ID69,smape,0.018568296,0.01289029,0.024799936,0.012537052,0.02147144,0.013371314,0.0558919,0.017364526
609,ID7,smape,0.026137332,0.028208315,0.04979605,0.022175193,0.020182857,0.029452994,0.03481357,0.034680948
610,ID70,smape,0.07362181,0.072683476,0.0682869,0.0681578,0.08272664,0.08069776,0.15626323,0.09629869
611,ID71,smape,0.040602043,0.045938715,0.06762778,0.050332446,0.03323942,0.047971234,0.057865232,0.037207928
612,ID72,smape,0.027256584,0.03339459,0.05278224,0.036571924,0.022110092,0.03650641,0.06309639,0.02250191
613,ID73,smape,0.016389687,0.014532834,0.03525053,0.013360902,0.015209932,0.017440563,0.0275774,0.016188765
614,ID74,smape,0.010905339,0.015822202,0.032750744,0.015758403,0.009023207,0.02093671,0.059125345,0.014230336
615,ID75,smape,0.06634422,0.062326845,0.041558713,0.057749864,0.08486321,0.054220293,0.046870794,0.15082544
616,ID76,smape,0.019876368,0.030212333,0.047111187,0.030924214,0.019916074,0.032096524,0.07138939,0.01557102
617,ID77,smape,0.029037153,0.018585442,0.040917337,0.020125084,0.024671732,0.035773974,0.05768603,0.041654527
618,ID78,smape,0.02833525,0.023189465,0.037734725,0.021618702,0.03104969,0.021535493,0.022022141,0.058469504
619,ID79,smape,0.07515119,0.06715862,0.048682973,0.06339376,0.07738008,0.060961638,0.03238521,0.06476352
620,ID8,smape,0.068858385,0.077658124,0.06791708,0.074833244,0.08580688,0.07223506,0.06463526,0.05470537
621,ID80,smape,0.022936307,0.026218409,0.03903776,0.026894867,0.021379888,0.029273218,0.0929166,0.030641057
622,ID81,smape,0.31782424,0.3282105,0.29461107,0.3107763,0.3353217,0.32921213,0.29513514,0.043709546
623,ID82,smape,0.025118804,0.025461458,0.026012465,0.029011773,0.038500696,0.020366352,0.029983109,0.10652528
624,ID83,smape,0.10062271,0.09926629,0.092449315,0.113078624,0.10962311,0.096893154,0.15851481,0.21188359
625,ID84,smape,0.38328734,0.38410294,0.41507366,0.4011526,0.36514357,0.39018977,0.35023805,0.18274194
626,ID85,smape,0.06436751,0.06454502,0.070226185,0.067583226,0.06363806,0.0773395,0.19524652,0.06617104
627,ID86,smape,0.024246268,0.02169268,0.013350401,0.019891614,0.029881084,0.017879738,0.06226706,0.026911547
628,ID87,smape,0.21202554,0.20810078,0.20865653,0.22258075,0.21270078,0.17259826,0.1270488,0.012721229
629,ID88,smape,0.015091599,0.011738598,0.018250791,0.019655451,0.012364742,0.015415873,0.03879883,0.028354848
630,ID89,smape,0.043037415,0.038942017,0.035632383,0.05967128,0.046060223,0.022077007,0.0897589,0.051557045
631,ID9,smape,0.071352534,0.07315623,0.06906132,0.06844976,0.08254538,0.060998563,0.09350341,0.05850454
632,ID90,smape,0.046034206,0.039273027,0.041039832,0.06421578,0.03762948,0.04107464,0.13422856,0.10428688
633,ID91,smape,0.040063467,0.035642322,0.017018465,0.03366736,0.032958653,0.040528122,0.07709552,0.11349153
634,ID92,smape,0.025460778,0.023456521,0.017638663,0.034837846,0.030791016,0.017522125,0.062228814,0.02633814
635,ID93,smape,0.021507144,0.017738504,0.018942075,0.025739215,0.017650304,0.017248536,0.036887515,0.03512776
636,ID94,smape,0.097798206,0.09070969,0.09379688,0.076037906,0.08593006,0.110293634,0.04862288,0.06450111
637,ID95,smape,0.054410595,0.05491063,0.06818752,0.090046726,0.05639888,0.035739403,0.16205026,0.045596797
638,ID96,smape,0.28302047,0.27981055,0.26949093,0.28313723,0.26022127,0.26433232,0.20234971,0.09834647
639,ID97,smape,0.024940098,0.030555753,0.032839496,0.018358145,0.026398951,0.053681392,0.09154084,0.031729627
640,ID98,smape,0.059244037,0.064073205,0.07428139,0.05420046,0.05267823,0.08448348,0.08029375,0.028436823
641,ID99,smape,0.04974398,0.047679722,0.05499607,0.04540309,0.05260257,0.0437038,0.05409473,0.085869044
