,unique_id,metric,Original,Online(Fixed),Online(Ens),Offline(1)),Offline(10)),Offline(=),"Offline(=,Ens)",SeasonalNaive
0,ID1,mase,0.5102695,0.26460823,0.31542048,0.28757378,0.23821439,0.24706411,0.63410246,1.3309436
1,ID10,mase,1.2484013,1.2044598,1.26764,1.3663043,1.3569256,1.2747711,2.1792002,2.1313908
2,ID100,mase,0.49953413,0.46172613,0.39662918,0.5234219,0.52628237,0.6026186,0.5560494,0.6221448
3,ID101,mase,0.71198714,0.8104355,0.7621024,0.64469874,1.3891457,1.4231908,1.1035086,0.89518845
4,ID102,mase,0.8211915,1.003977,0.91013426,0.8325139,1.4606506,1.4277271,1.1493359,1.1054027
5,ID103,mase,0.6465978,0.5901563,0.62483656,0.50497127,0.76041836,0.800144,0.73187375,0.7836867
6,ID104,mase,1.062197,0.83916426,0.8010751,0.9054836,1.1527226,1.2105417,1.2411963,1.0984397
7,ID105,mase,1.0218539,0.7961,0.7787688,0.8905902,1.0245262,1.1369877,1.1295351,0.99127084
8,ID106,mase,0.35378042,0.34156904,0.3189541,0.3199894,0.6655494,0.7570292,0.4838581,0.4424203
9,ID107,mase,0.94707084,0.9044592,0.95226985,1.1555121,0.97530824,1.065778,1.0769548,1.1263956
10,ID109,mase,1.1178018,1.1574084,1.0427678,1.1574062,1.0556924,1.0095044,1.0597078,1.3157855
11,ID11,mase,0.905974,0.9101102,0.7746056,0.8013573,0.8569975,0.9834679,0.79353863,1.0275849
12,ID110,mase,1.4906658,0.95426667,1.3283528,1.2832329,0.655389,0.7489832,0.46451724,1.0465004
13,ID111,mase,2.633344,2.2737846,2.3029413,2.0513108,2.0971963,2.133931,3.2555509,3.4543633
14,ID112,mase,0.6567302,0.7690353,1.0303411,0.84574157,0.8235447,0.84497344,1.1269819,1.8122567
15,ID113,mase,0.55164593,0.5960929,0.8429564,0.68319464,0.7086325,0.70079035,0.9994332,1.6487256
16,ID114,mase,0.79941314,0.8077389,0.9414544,0.8146186,0.89009875,0.93413204,1.5746922,2.682198
17,ID115,mase,0.30290276,0.22385381,0.28345042,0.26537558,0.2997504,0.27909803,0.41007087,0.6967881
18,ID116,mase,0.8132112,0.7625264,0.8098285,0.8099261,0.90500605,0.9354924,0.7692094,0.56888604
19,ID117,mase,1.3355416,1.0966501,1.2592641,1.6301155,1.3260716,1.4733456,0.9562102,1.1275458
20,ID118,mase,0.7958085,0.5378607,0.96010226,0.7815874,0.6397072,0.65910083,2.0567815,3.9492388
21,ID119,mase,0.5379928,0.59720576,0.94416046,0.7273371,0.80186385,0.80497235,1.3503541,2.0553684
22,ID12,mase,0.9525654,0.9485147,1.0995147,0.77085125,0.8463134,0.7552115,0.86726147,0.9054125
23,ID120,mase,0.24149546,0.2610468,0.25021657,0.27684373,0.41390362,0.42162153,0.4257164,0.32082865
24,ID121,mase,0.4368314,0.3700239,0.48994142,0.4775921,0.5309823,0.55311984,1.056316,1.612157
25,ID122,mase,0.39268732,0.52963,0.53805125,0.44597667,0.8238967,0.8319201,0.75494236,0.72865075
26,ID123,mase,0.4368314,0.3700239,0.48994142,0.4775921,0.5309823,0.55311984,1.056316,1.612157
27,ID124,mase,0.32954478,0.3693969,0.43079725,0.3849259,0.4762009,0.5061369,1.369447,2.326119
28,ID125,mase,0.80081606,0.8740996,1.2182299,0.95819664,0.9189575,0.8890758,0.86515313,0.9395154
29,ID126,mase,0.38885722,0.22198442,0.3800678,0.37784487,0.49222326,0.5127573,0.4986656,0.69265115
30,ID127,mase,0.6155248,0.6587949,0.69457495,0.65794367,0.84824365,0.8623896,0.7250286,0.69674885
31,ID128,mase,0.39478064,0.40743884,0.4682684,0.4378878,0.49009797,0.48514098,0.86518586,1.115829
32,ID129,mase,0.39707103,0.4161815,0.47836602,0.4885037,0.41339394,0.38425797,0.3517477,0.47546273
33,ID13,mase,3.7994027,3.3363333,3.4171522,3.3800247,3.4407914,3.20895,2.739647,2.4192407
34,ID130,mase,0.47729495,0.6356418,0.59901994,0.42533284,0.76195145,0.7753703,0.7653674,1.0970273
35,ID131,mase,0.7586423,0.9145771,0.8158342,0.92841715,0.90380305,0.96637946,1.6724554,1.8247001
36,ID135,mase,1.2375866,0.67429894,0.9822117,1.063603,1.6553355,1.8511052,2.3846965,3.0528395
37,ID136,mase,0.77424634,0.80045736,0.6799514,0.6718976,0.85496277,0.73021805,0.89385533,0.9531713
38,ID137,mase,1.665229,1.6557671,1.4857334,1.6292598,1.7370937,1.7843127,1.1104386,0.60115093
39,ID138,mase,0.62501293,0.63442004,0.5971503,0.7605069,1.0058966,1.0675838,1.3526373,1.3264941
40,ID139,mase,0.57520753,0.55473876,0.47435108,0.5548301,0.48479074,0.4990746,0.58095044,0.88450754
41,ID14,mase,2.2355309,1.9474618,1.8985214,2.1517622,1.8426428,1.7690765,2.011111,3.4552643
42,ID140,mase,2.252359,1.7875692,1.9682763,1.7894073,1.8824533,1.9029694,1.6558243,1.5312324
43,ID141,mase,0.65224725,0.7354597,0.7546575,0.68799007,0.8559567,0.86763203,1.3392714,1.2757688
44,ID142,mase,0.68394715,0.56428933,0.51304436,0.5784982,0.5039382,0.5025429,0.8010348,0.69485575
45,ID143,mase,1.3326856,1.1463487,1.0329876,1.3107656,1.0852022,0.989902,0.32745865,1.1728123
46,ID144,mase,0.95860434,0.5709866,0.8129022,0.93953073,1.4175241,1.5596184,1.7270473,2.8657637
47,ID145,mase,1.461091,1.5986981,1.4646914,1.5396498,1.7009342,1.7930683,1.3092389,1.3393744
48,ID146,mase,0.94018507,0.88670623,0.81718075,0.93612725,0.81801504,0.8550577,0.8310066,1.3084279
49,ID148,mase,0.49131864,0.68642455,0.46760476,0.53339684,0.5241044,0.40724668,1.2475405,1.3203704
50,ID149,mase,0.7258455,0.8136506,0.8925712,0.92134255,0.90051866,1.0252801,1.4250405,1.5996094
51,ID15,mase,0.358695,0.34302706,0.36086375,0.32716,0.34102407,0.32666516,0.46431467,0.6028308
52,ID150,mase,0.7168032,0.54364747,0.60884875,0.6584073,0.40131575,0.40118566,0.5191532,0.83690864
53,ID151,mase,1.3161904,1.2154531,1.1828078,1.2556921,1.2577724,1.3491799,1.6634517,1.1294643
54,ID152,mase,0.703693,1.0337995,0.8298829,0.840721,1.3588974,1.3444364,1.2270864,0.8533367
55,ID153,mase,0.8669279,0.7407213,0.85005575,0.6948534,0.5619593,0.6046657,0.728329,0.9006949
56,ID154,mase,0.1431685,0.32568213,0.2706441,0.26986617,0.58486074,0.506916,0.6453601,1.3824303
57,ID155,mase,0.20582792,0.18153544,0.20884307,0.24506596,0.20132664,0.19672136,0.40062693,0.46743193
58,ID156,mase,0.84300405,1.1497703,0.98897916,1.0789143,1.1132157,1.1717266,1.358841,1.9656224
59,ID157,mase,0.6363071,0.4728343,0.5376433,0.31287283,0.31295383,0.2857782,0.9743072,1.4077095
60,ID158,mase,0.3650161,0.45979205,0.45094386,0.43813443,0.46320486,0.4649558,1.0115867,1.3308413
61,ID159,mase,1.1106511,0.90819657,0.9441372,0.94129753,0.8755099,0.8504833,0.67217916,0.52017
62,ID16,mase,0.7420439,0.82740873,0.7950519,0.9054286,0.8855018,0.90082115,0.92327255,0.8226528
63,ID160,mase,0.7846635,1.2283939,1.0695647,1.0708563,1.5873437,1.6508868,1.7287922,1.7099007
64,ID161,mase,0.916686,0.8781678,0.8965099,0.82864463,0.86274314,0.84837914,1.0306658,1.1637948
65,ID162,mase,0.5300963,0.46766615,0.47254002,0.42826864,0.40179637,0.3708599,0.7461002,0.967989
66,ID163,mase,1.2916708,1.5595896,1.520005,1.4316754,1.6222965,1.7535088,1.2455193,1.0950634
67,ID164,mase,1.2727362,1.086654,1.2968004,1.0229111,1.2426893,1.4179504,1.2441769,1.2852246
68,ID166,mase,0.81363934,0.628523,0.56589967,0.70994776,0.5362599,0.738602,0.4496025,0.8550217
69,ID17,mase,0.69128317,0.6226239,0.66408485,0.60027975,0.6323083,0.6223126,0.56391466,0.81046563
70,ID170,mase,0.7446431,0.7265908,0.6943434,0.7344438,0.79547614,0.83978665,0.86654377,0.85717124
71,ID171,mase,0.5887939,0.5431005,0.50173753,0.5152374,0.6279428,0.6221886,0.70575184,0.6593079
72,ID173,mase,0.41860396,0.43854094,0.50501025,0.5077692,0.5245601,0.536183,0.5975842,0.7216893
73,ID174,mase,0.87071073,0.7231321,0.78797007,0.9311205,0.9778308,0.9396457,0.71934193,0.80446875
74,ID175,mase,0.3878716,0.31197834,0.3232749,0.34632206,0.27774805,0.25335956,0.4390271,0.4194902
75,ID176,mase,0.3626903,0.3055659,0.2654193,0.35314843,0.32050976,0.3866182,0.21524319,0.402515
76,ID177,mase,0.90017915,0.8167213,0.79108983,0.78156567,0.65833056,0.660128,0.87350786,1.1875
77,ID178,mase,1.0316195,0.90911674,0.944942,0.94609886,0.7863878,0.74323064,0.9559054,1.231003
78,ID179,mase,1.1944914,0.8281915,1.0744452,1.076516,0.8730493,0.8701391,0.28383613,0.59108186
79,ID18,mase,0.93050164,0.8112965,0.74839985,0.85936016,1.266954,1.2082334,0.97782403,0.57224244
80,ID180,mase,2.7090614,1.4032404,2.123827,1.6077918,1.5605844,1.2991515,0.83633256,1.6584953
81,ID181,mase,1.1187272,1.1348286,1.2468089,1.14792,1.23031,1.5431154,1.0948759,1.4002092
82,ID182,mase,0.6614999,0.67145896,0.6320106,0.8049068,1.064609,1.1298976,1.4315953,1.4039319
83,ID183,mase,1.9444071,1.9044479,1.9630164,2.2159083,2.0789585,2.0457108,1.159771,1.2428038
84,ID184,mase,0.5832684,0.59855324,0.59491277,0.5734626,0.8645483,1.1696658,0.749969,1.1432112
85,ID185,mase,1.7101566,2.3381815,2.069432,3.240691,2.3924365,2.7653408,1.975829,1.3355491
86,ID186,mase,0.6732415,0.58310807,0.5703256,0.7630349,0.6183884,0.55758226,1.1825066,1.0019947
87,ID187,mase,0.49542817,0.33804482,0.40619412,0.33589992,0.3900175,0.40693045,0.47203097,0.4592391
88,ID188,mase,0.7479627,1.0069938,0.8796745,0.92999995,1.3947519,1.4607773,1.3997513,0.6239772
89,ID189,mase,0.587148,0.61986136,0.70368683,0.6047608,1.069909,1.092043,0.9355992,0.34181756
90,ID19,mase,1.2933683,1.4194218,1.0810627,1.1796743,2.0328546,1.8795656,1.5143157,0.821764
91,ID190,mase,1.9661595,1.7882687,1.8643619,2.105064,1.5939193,1.2557852,1.0432225,1.0136229
92,ID191,mase,0.27641723,0.28704104,0.29801193,0.25409403,0.34154898,0.4018018,0.51724184,0.49678412
93,ID192,mase,0.63223207,0.78734136,0.6111453,0.5277398,1.9498123,1.9784212,0.967784,0.8085548
94,ID193,mase,0.80378366,0.8529046,0.87782735,1.0108608,0.85144484,0.8548738,1.0584444,1.1993037
95,ID194,mase,0.6823769,0.8776662,1.1184722,1.1639903,1.6023313,2.0226276,1.0071146,1.325091
96,ID195,mase,1.4033607,1.6999819,1.3718731,1.3690217,1.5085375,1.6908416,2.1696484,2.3057368
97,ID196,mase,0.62238866,0.43172938,0.44873103,0.5254296,0.5097431,0.534715,0.73408115,1.0120769
98,ID197,mase,1.5486789,1.5390296,1.588638,1.5383253,1.6081432,2.0636873,2.190765,2.8499756
99,ID198,mase,1.3430934,1.4059062,1.3777263,1.4171376,1.377052,1.4319578,1.342865,1.6102061
100,ID199,mase,0.8300687,0.8057114,0.92203987,0.8232883,0.88734055,0.90939814,0.8685001,0.98944926
101,ID2,mase,1.1022897,1.3497944,1.1712253,1.240635,1.4728663,1.5887938,1.3835485,0.981118
102,ID20,mase,1.4475368,1.53915,1.3513323,1.5928597,2.936731,2.8982964,2.4729946,0.8096639
103,ID200,mase,0.67236817,0.8180846,1.1041825,0.85137486,1.671161,1.6904418,1.5000186,1.4457788
104,ID201,mase,1.5126603,1.6586888,1.5408567,1.5854127,1.7971632,1.8716002,1.7422723,1.9026387
105,ID203,mase,1.1158898,1.1277121,1.160127,1.096876,1.2688812,1.2793682,0.44577333,0.8836348
106,ID204,mase,1.6375505,1.685522,1.6236721,1.6822488,1.6391053,1.7103776,1.7583382,1.4893458
107,ID205,mase,0.570124,0.6454321,0.7600314,0.85490364,0.8522313,0.893737,1.0811499,0.78033537
108,ID206,mase,1.4477955,3.2494214,2.9803648,2.722505,4.2684145,4.304714,4.1514444,0.9249885
109,ID207,mase,0.5157783,0.5055357,0.4239467,0.63612276,0.6825388,0.7349127,2.2044604,2.0252976
110,ID208,mase,0.2642092,0.5396302,0.4393421,0.42172268,0.7132278,0.53490907,0.63244677,0.97635674
111,ID209,mase,0.76356506,0.6652802,0.56180584,0.5093395,1.3582923,1.543086,1.6643003,0.8431115
112,ID21,mase,0.6271066,0.5861421,0.6758471,0.62277627,0.71250397,0.7387164,0.87543434,0.6866227
113,ID210,mase,0.4258229,0.61845076,0.51087147,0.35096171,1.2355438,1.406387,1.2370453,0.58718306
114,ID211,mase,0.94949776,0.8493949,0.92724353,0.9061741,0.6280863,0.73237246,1.1136541,1.1463808
115,ID212,mase,0.5616453,0.78286105,0.80889463,0.7263365,1.0308342,1.3252335,0.6376933,0.6344476
116,ID213,mase,4.178334,4.282509,4.197769,4.540678,4.287889,4.150303,4.39869,4.4444447
117,ID214,mase,1.0122111,0.929719,0.87002915,0.7750077,0.9434524,1.1431296,1.2633835,1.5047021
118,ID215,mase,0.6172909,0.507362,0.37491056,0.57793266,0.6382776,0.5263613,0.47544596,1.2281715
119,ID216,mase,0.8642162,1.191418,1.1302416,1.0464206,1.562501,1.7267805,0.71383756,0.4139799
120,ID217,mase,1.0133175,0.96880215,0.9716812,0.93046576,0.945983,0.9308322,0.5828521,1.1093439
121,ID218,mase,0.7309221,0.5865483,0.5799563,0.5156383,0.4832018,0.4331361,0.5135253,1.1060677
122,ID219,mase,1.4425818,1.4635994,1.3287357,1.1523324,1.4163271,1.6044242,1.463209,1.6338028
123,ID22,mase,0.5382746,0.55441123,0.52501655,0.5859223,0.54699576,0.5386724,0.6440326,0.7997436
124,ID23,mase,0.49732694,0.50832057,0.49253878,0.44312316,0.4802823,0.5340334,0.81871367,1.0076295
125,ID231,mase,0.8979437,1.2618703,1.1990877,1.2512524,1.4873741,1.5685161,1.8193011,0.90783924
126,ID232,mase,1.6683277,1.4343463,1.7517436,1.7191497,2.286864,2.506439,3.2063887,1.9097537
127,ID233,mase,0.4198214,0.4027861,0.37133512,0.4653992,0.6473767,0.68427306,0.6280767,0.76509136
128,ID234,mase,1.8029051,2.0285835,2.0539086,2.18376,2.12231,2.1422246,2.149317,0.98095214
129,ID235,mase,2.534078,2.9221754,3.066589,3.049334,3.8706,4.105068,4.3278823,3.6458514
130,ID236,mase,0.5574318,0.57628894,0.51541615,0.7478177,1.0790229,1.1213843,0.9609568,0.5302686
131,ID237,mase,0.801968,0.7894578,0.85404366,0.6720929,1.0046022,1.2340775,0.820999,1.7406281
132,ID238,mase,0.69625586,0.96868706,0.9438348,1.046764,1.2985835,1.429828,1.4722431,0.99670285
133,ID239,mase,0.913214,1.0630952,1.1791902,0.8964731,1.4935356,1.6600962,1.5844212,1.0546768
134,ID24,mase,1.5560967,2.6175966,2.5290124,1.5933095,5.4078193,4.9623327,1.652397,0.93655455
135,ID242,mase,0.4087776,0.42405277,0.41525957,0.35962415,0.9113764,0.9216536,1.0284127,0.47581142
136,ID247,mase,1.3844198,1.3597049,1.3720335,1.5960767,1.4321418,1.5747927,1.9998633,2.781778
137,ID248,mase,1.9781096,1.6425613,1.9064269,1.7880645,1.8034531,1.870581,1.7422291,2.014258
138,ID249,mase,0.7789594,1.0329165,0.91511136,1.0402135,1.2160456,1.2629046,1.2482468,0.75460535
139,ID25,mase,3.4772053,2.9659443,2.8318622,2.9171724,3.005304,3.0183423,2.8682714,2.0790772
140,ID250,mase,0.51987743,0.48760816,0.53695947,0.8264252,0.65420115,0.7041047,0.6725699,1.1462935
141,ID251,mase,1.2366152,1.0051994,1.145167,1.195408,1.0380336,1.0164286,1.1876711,1.3287966
142,ID252,mase,0.60624003,0.45181835,0.5085596,0.53088915,0.44255278,0.44512188,0.33217427,0.7825169
143,ID254,mase,1.0798118,1.2295061,1.2443488,1.1531312,1.3049561,1.2573634,0.99457055,0.93875074
144,ID255,mase,1.0955613,0.8062967,0.8689281,0.561462,0.6871634,0.80006284,0.77926743,1.0242623
145,ID256,mase,0.66905123,0.6539192,0.6890128,0.68998337,0.8342766,0.8733125,0.88473207,0.7755927
146,ID257,mase,1.1345416,0.9242839,0.92188126,1.0726812,0.9388742,0.8785086,0.9637709,1.0513228
147,ID258,mase,0.77519315,0.5869037,0.5684582,0.53126705,0.64739776,0.6511739,1.1727829,1.604323
148,ID259,mase,1.4391229,1.5512878,1.4754499,1.4884369,1.6316977,1.6978024,1.3038946,1.1743547
149,ID26,mase,0.5764533,0.76411676,0.70223284,0.44453925,0.37143213,0.5706082,1.2223371,1.2990628
150,ID260,mase,1.5346096,1.4258558,1.2365522,1.2773366,1.6909468,1.5958989,1.0378346,1.3106998
151,ID261,mase,0.69475293,0.6379033,0.6559338,0.69377846,0.5032758,0.4463571,0.56400573,0.7265092
152,ID262,mase,0.23567516,0.28144547,0.21442796,0.27063015,0.2231273,0.23370866,0.2839775,0.2109925
153,ID263,mase,0.92551035,0.9876853,0.923918,0.903493,0.9236874,1.1831903,0.61052257,0.6997563
154,ID264,mase,0.63847274,0.7226972,0.6569933,0.65340847,0.81089664,0.8833137,0.37025064,0.43362597
155,ID265,mase,0.7689925,0.73771,0.73794234,0.6791745,0.69198656,0.6460277,0.623965,0.89198726
156,ID266,mase,0.24010375,0.24398665,0.23707135,0.29063424,0.23806575,0.2696891,0.19045126,0.3159341
157,ID267,mase,1.136193,0.8484839,0.7876599,1.0491633,1.1817423,1.2351123,0.56896204,0.40861303
158,ID268,mase,0.73600566,0.6914091,0.66460866,0.6931086,0.867195,0.95407236,0.4868186,0.61947227
159,ID269,mase,0.8374197,0.98206156,0.93975335,0.8594002,0.92909294,0.9645605,0.8900179,1.0137676
160,ID27,mase,1.7739329,1.7868066,1.6501633,1.750665,1.5519763,1.5644048,1.81174,1.8932879
161,ID270,mase,0.49509534,0.51153773,0.49665672,0.48731628,0.49788162,0.5025794,0.6296876,0.5236716
162,ID271,mase,0.49873394,0.2983558,0.38285893,0.34142703,0.31263432,0.35388955,0.6024756,1.0259479
163,ID272,mase,0.33345968,0.2842794,0.31141385,0.5940065,0.50766283,0.5568042,0.6094205,0.40099624
164,ID273,mase,0.8129194,0.57412153,0.66785836,0.32690197,0.3598416,0.42858368,1.2929952,1.767175
165,ID274,mase,0.75425464,0.92224103,0.93884706,0.6767285,1.049683,1.0335379,1.5749483,1.3520948
166,ID275,mase,0.860296,0.91529775,0.9148259,0.83777064,0.8065788,0.75353986,1.2526046,1.1141813
167,ID276,mase,0.605571,0.67299473,0.6950947,0.73965895,0.8316241,0.7369989,0.6670105,0.94824564
168,ID277,mase,1.2624205,1.0444876,1.1276736,1.3478714,1.131722,1.1915249,1.9207277,2.5481346
169,ID278,mase,1.328858,1.6474992,1.0802369,1.6941789,2.3647738,2.5227776,2.0739913,1.4252601
170,ID279,mase,0.70446664,0.56950104,0.61796635,0.7265394,0.56565297,0.6224076,0.8029825,1.1252685
171,ID28,mase,2.5637925,2.3555582,2.2005599,2.4121466,2.2676342,2.5128279,1.4482213,1.537677
172,ID280,mase,1.326867,1.2144477,1.1376145,1.1660415,1.17225,1.1705456,0.79963505,1.286995
173,ID281,mase,0.43392307,0.4180049,0.43378994,0.4549242,0.660922,0.8455297,0.5392092,0.6745085
174,ID282,mase,0.53802955,0.6460889,0.5817889,0.5644857,0.6334032,0.8467289,0.29219672,0.5711921
175,ID283,mase,0.63260466,0.5390664,0.59456027,0.5938619,0.54449004,0.61119664,0.6013566,0.65329045
176,ID284,mase,0.46608317,0.36292246,0.34564325,0.37575352,0.1930712,0.19349205,0.23208095,0.40590903
177,ID285,mase,0.45890084,0.44670454,0.43790844,0.46170443,0.5455845,0.57542586,1.1286594,0.8170391
178,ID286,mase,0.5368217,0.53871995,0.45911914,0.47066408,0.5302762,0.6011319,0.82835126,0.7472353
179,ID287,mase,2.1715112,1.9142374,1.7330389,2.00371,1.8465687,1.7887602,1.3004565,1.0435442
180,ID288,mase,0.43822247,0.45733637,0.47543982,0.5626098,0.86723775,0.9071244,0.87152636,0.62411517
181,ID289,mase,1.046967,0.43976244,0.6642503,0.53046334,0.5483188,0.61524314,2.4770613,1.9252143
182,ID29,mase,0.7340268,0.7414289,0.73824584,0.83589077,0.9560393,0.96059257,1.2277895,0.82894737
183,ID290,mase,0.7419765,0.63289607,0.60318977,0.7596747,0.9695199,1.0324793,0.781632,1.1855603
184,ID291,mase,1.31253,1.3043351,1.3237821,1.2914419,1.3143344,1.3374854,1.4627644,1.2319365
185,ID292,mase,1.5424548,1.4090677,1.5347157,1.407371,1.3210316,1.3911991,1.8800721,2.2720368
186,ID293,mase,0.7433859,0.46951485,0.53836775,0.63928086,0.39936477,0.3996204,0.662428,0.7153755
187,ID294,mase,1.56854,1.2657467,1.3894666,1.3975798,1.2838815,1.3254374,0.45325756,0.9225275
188,ID295,mase,1.0931038,1.2920623,1.1737653,1.2225388,1.2240448,1.5203332,0.54998803,0.9474581
189,ID296,mase,1.5913094,1.9930648,2.1271873,1.6776798,2.7214167,3.3665109,2.2189505,1.4860461
190,ID297,mase,1.3051333,1.1999205,1.1821316,1.1639289,0.9998466,1.0811737,1.2452408,1.4507946
191,ID298,mase,0.39516437,0.42509535,0.4436691,0.40432882,0.4863879,0.49604377,0.4541219,0.5605773
192,ID299,mase,0.3040174,0.5658007,0.5793909,0.5176808,0.7815262,0.73806643,0.58441347,0.50797176
193,ID3,mase,0.4930176,0.5972956,0.64665914,0.62514275,0.7216311,0.7339549,0.89040124,1.2222863
194,ID30,mase,1.1054183,1.3617073,1.3993146,1.4309049,1.5217247,1.5344409,1.6986022,1.3490342
195,ID300,mase,3.3800263,3.4234521,3.0749621,3.247894,3.0484385,2.8458622,0.792967,2.1553085
196,ID301,mase,0.71523535,0.723597,0.56569076,0.73266006,0.60530704,0.653222,0.2746233,0.948039
197,ID302,mase,0.4567975,0.41303667,0.40731326,0.47698006,0.5556919,0.58971906,0.56901395,0.5023828
198,ID303,mase,1.7636448,0.9192849,1.3354764,0.84980965,1.1343824,0.7694957,2.403061,0.7984488
199,ID304,mase,0.728492,0.63524497,0.70558995,0.6715501,0.68583244,0.9657449,0.82288146,1.0807784
200,ID305,mase,1.6777164,1.9026184,1.6534674,1.8381537,2.394729,1.9141768,3.0530314,0.98071605
201,ID306,mase,1.3614454,1.3540776,1.3181618,1.4324636,1.2256454,1.2332668,1.6657252,1.8654578
202,ID307,mase,2.1285386,1.9028265,2.366869,1.7748884,1.8339647,2.0736394,2.1241355,1.532445
203,ID308,mase,2.344555,2.2360938,2.2060142,2.492912,2.1124413,2.1623409,1.6928174,1.947861
204,ID309,mase,1.1447508,0.9889891,1.1118584,0.95346504,1.1288351,1.2211338,0.5492417,1.0892391
205,ID31,mase,0.8792617,1.2062013,1.0359747,1.0998039,1.2252038,1.1461489,1.1980144,1.2349371
206,ID310,mase,0.34086123,0.46906725,0.4954826,0.39963415,0.6202514,0.6908895,0.6230409,1.0092764
207,ID311,mase,0.77306044,0.57889235,0.5246002,0.566112,0.30288446,0.30254272,0.26978502,0.84535724
208,ID312,mase,0.32433227,0.3269131,0.42676812,0.32156596,0.51104647,0.5247404,0.73772144,0.73686975
209,ID313,mase,1.3347833,1.6447674,1.5875899,1.464347,1.9518156,1.9881471,1.9295886,1.5523163
210,ID314,mase,0.37123707,0.5722212,0.40011156,0.4300245,0.43735507,0.45372,0.9789757,1.1831284
211,ID315,mase,0.66563505,0.6834166,0.5282816,0.647414,0.6587742,0.61977774,1.2962431,1.4123303
212,ID316,mase,0.74775475,0.77382857,0.7923891,0.8781466,0.7081367,0.76974696,0.6619729,0.53884405
213,ID317,mase,0.67046344,0.5852776,0.50779134,0.59671897,0.40217105,0.45213708,0.4041173,0.6101888
214,ID318,mase,1.5162235,1.3270044,1.3278385,1.4777141,1.3466563,1.3346139,1.4463198,1.5786444
215,ID319,mase,0.80328006,0.9529796,0.9068167,0.79576254,1.0995871,1.1008503,1.0826299,0.7206659
216,ID32,mase,0.89855576,0.67655075,0.69997334,0.71687025,0.7737933,0.9939939,1.0409552,1.0715846
217,ID320,mase,0.6519054,0.48606977,0.5530828,0.60529244,0.5282913,0.48601568,0.5317525,0.80440205
218,ID321,mase,0.25513503,0.30244458,0.31422353,0.2859966,0.30993125,0.3985145,0.22684143,0.42527083
219,ID322,mase,0.6971881,0.6239565,0.6301302,0.5550196,0.532009,0.5251395,0.9162803,1.1006299
220,ID323,mase,1.127854,1.0990556,1.1619943,1.0750351,1.2274175,1.5057606,0.6866716,0.91041154
221,ID324,mase,1.272446,1.2742012,1.1029716,1.104047,1.2179737,0.9202183,1.9651142,2.2557106
222,ID325,mase,0.9731314,0.7613587,0.83082753,0.8302779,0.75980276,0.7471969,0.6475597,1.1240071
223,ID326,mase,0.4910734,0.30812615,0.27067173,0.29979613,0.3465946,0.38144216,0.6348891,0.548713
224,ID327,mase,1.0140983,0.997964,0.86162806,0.93576485,0.73337,0.77949965,1.6648879,1.7160449
225,ID328,mase,0.93120354,0.79042554,0.86302364,1.1119286,0.96549135,1.0342591,0.62781256,0.70599484
226,ID329,mase,2.1415277,1.7164013,2.010852,1.8313953,1.565067,1.1359737,1.5447749,1.9271574
227,ID33,mase,1.0119269,0.9759483,1.0283678,0.9950118,1.1772423,1.1740739,1.2366594,0.88378173
228,ID330,mase,0.6913187,0.5189054,0.4428196,0.61548376,0.77394974,0.7445671,0.6348244,0.5290483
229,ID331,mase,1.089774,1.1039532,1.0231878,1.1320307,0.9952589,1.0166916,0.695419,1.1523294
230,ID332,mase,0.47904897,0.47726882,0.45318538,0.49633008,0.48816705,0.53236955,0.5837676,0.717236
231,ID333,mase,0.46186188,0.39580578,0.33777907,0.45249397,0.40399462,0.52198124,0.7083199,0.3892922
232,ID334,mase,0.80488515,0.7137621,0.6649369,0.63900083,0.6405519,0.6358527,0.6072641,0.7283808
233,ID335,mase,2.8237414,2.50766,2.6567082,2.8532343,2.5751565,2.3505585,3.4762576,3.4432507
234,ID336,mase,1.5435044,2.0101416,1.9254584,1.4691179,2.5860143,3.3235834,1.5738304,1.5908213
235,ID337,mase,1.8468788,2.1981735,2.0395677,2.1923003,2.1455135,3.1013515,1.033152,1.4611231
236,ID338,mase,0.9667391,1.1269393,1.1505111,1.1393913,1.330005,1.5175327,1.3325667,1.5584412
237,ID339,mase,0.97843784,0.96923715,0.86839664,0.8606424,0.983551,0.78943026,1.058317,1.0616494
238,ID34,mase,1.6576945,1.6537939,1.7663081,1.6966729,2.2582235,2.3469737,2.0796347,1.5139388
239,ID340,mase,1.0966396,1.1630405,1.255269,1.0261611,1.124927,1.104215,1.4510363,1.5025455
240,ID341,mase,0.6101809,0.5088094,0.52737087,0.53572845,0.37310943,0.330437,0.6319058,0.7787036
241,ID342,mase,1.7519233,1.2037823,1.2688849,1.3787992,1.0090815,0.9505041,0.90907973,1.8708245
242,ID343,mase,1.632162,1.5879226,1.4937576,1.5844275,1.5751569,1.6824133,1.4392045,1.2975597
243,ID344,mase,1.2936605,0.48259267,0.55592096,0.60406053,0.55820626,0.3737944,0.95606726,1.1230047
244,ID345,mase,1.0222728,1.2270919,1.1094166,1.8378211,1.5196235,1.6364268,0.8525545,1.1580863
245,ID346,mase,0.9036015,0.75588125,0.9804053,0.835565,0.95150685,0.9797918,0.9629844,0.6897458
246,ID347,mase,0.53762555,0.4923268,0.43857345,0.3708749,0.5844436,0.6896005,0.61075246,0.55973196
247,ID348,mase,1.538851,1.454559,1.312176,1.4468745,1.5412406,1.522242,1.3884393,1.2073541
248,ID349,mase,0.4694376,0.41002977,0.3482273,0.37396505,0.35571656,0.33754787,0.71101004,0.8123657
249,ID35,mase,1.1512796,1.023499,0.96814036,0.90737844,1.132499,1.0664318,1.2692018,0.74744374
250,ID350,mase,1.5357682,1.2468183,1.4762784,1.547324,1.4577612,1.5120108,1.6433697,2.3337057
251,ID351,mase,1.0304031,1.004501,0.908167,0.80990785,1.0232964,1.0113806,1.5643065,1.5858396
252,ID352,mase,1.769403,1.8615422,1.7868179,1.850142,2.0283585,2.0170953,2.1878543,1.7274662
253,ID353,mase,1.2268276,0.8712402,1.0262564,0.8469854,0.7604366,0.692339,0.66027373,1.7115693
254,ID354,mase,0.827546,0.89913315,0.75079757,1.0920177,1.2310518,1.3083667,0.6764251,1.9439113
255,ID355,mase,0.5631173,1.215681,0.88355976,1.197016,1.4246287,1.6078033,1.6488084,1.4489591
256,ID356,mase,1.5185361,2.2593477,2.1411874,2.8022604,2.8595414,3.304106,1.1405905,1.1716446
257,ID357,mase,0.4928039,0.86558837,0.8088086,0.9088262,1.1408566,1.5189204,1.9841533,0.9570586
258,ID358,mase,1.6216422,1.4819716,1.5958337,1.8286511,1.9236066,1.9181877,1.5539851,1.127895
259,ID359,mase,0.8885609,1.4179994,1.3467289,1.0944037,1.9199847,2.5541687,2.4588642,0.9381368
260,ID36,mase,1.0124764,1.0509459,1.0937803,0.98655003,1.1636287,1.184586,1.4617188,1.639673
261,ID360,mase,0.5491343,0.6659917,0.7616474,0.8108582,0.78875756,1.0007502,0.7323287,0.37600878
262,ID361,mase,0.86125344,1.059895,0.71033174,1.9329492,1.2225116,1.356618,1.2154063,0.4442986
263,ID362,mase,1.4906245,1.8540806,1.8793105,1.9193335,2.1055598,2.335169,2.9056664,1.1673263
264,ID363,mase,0.7702731,0.6678434,0.7204829,0.7340766,0.78899807,0.92657024,1.6886466,1.7888938
265,ID364,mase,0.4165458,0.31967565,0.41441336,0.45867285,0.31951076,0.33546633,0.69162315,0.84027094
266,ID365,mase,0.40658602,0.43747342,0.42606193,0.4615,0.46779275,0.52139443,0.4482867,0.30554152
267,ID366,mase,1.4665613,1.1962852,1.1497916,1.0170662,1.2056383,1.008011,2.1622245,1.7515272
268,ID367,mase,0.6435223,0.79138833,0.6480972,0.5335862,0.8342081,0.8562167,0.98096263,1.1376772
269,ID368,mase,0.4376654,0.49935538,0.5527447,0.4878506,0.60578567,0.6300909,1.1723253,1.705022
270,ID369,mase,1.0106307,0.7380962,0.78125656,0.73334396,0.6544298,0.590464,0.36441824,1.1197895
271,ID37,mase,1.0959141,1.2235606,1.3041676,1.0769049,1.8034639,1.7639767,1.8048621,1.6948341
272,ID370,mase,0.7013952,0.39114207,0.58197933,0.53728664,0.8194607,0.8879092,1.0896336,0.88620746
273,ID371,mase,1.358215,1.7537388,2.060255,1.5830026,1.9420888,1.8135359,2.5968032,1.9854121
274,ID372,mase,1.159776,1.1281629,1.1720706,1.3064219,1.4540048,1.6619979,1.545258,0.86064476
275,ID373,mase,0.68111557,1.0139767,0.86447114,0.7296362,1.1728336,1.1272613,0.84601927,0.8490672
276,ID374,mase,1.7217598,1.0463314,0.8666164,1.1614826,0.81560296,0.86454207,0.7955419,0.75683045
277,ID375,mase,0.42456678,0.48458242,0.6736478,0.5690828,0.92583984,1.743174,1.4939553,1.4817395
278,ID376,mase,0.44085735,0.4917397,0.5174476,0.4385499,0.5478771,0.57437426,0.75329113,1.1901282
279,ID377,mase,0.47819737,0.4291017,0.5480686,0.43022916,0.45318726,0.42968965,0.7752929,1.1225004
280,ID378,mase,0.4641477,0.5594646,0.49814886,0.42748335,0.60896116,0.58490217,0.48212713,0.472087
281,ID379,mase,1.2341776,1.253497,1.2941505,1.3069371,1.3953542,1.4307637,1.5219284,1.5047114
282,ID38,mase,1.1618476,1.2045844,1.2652651,1.3029214,1.3704468,1.4168751,1.3537434,1.0343169
283,ID380,mase,2.389256,1.9561926,1.97212,1.6838274,1.7253582,1.7706938,3.0759466,3.3634462
284,ID381,mase,1.0429124,1.0412903,0.62688935,1.1491787,0.7832817,0.8186856,0.9412321,2.3216121
285,ID382,mase,1.5690356,1.393478,1.5110385,1.4074858,1.3444058,1.199479,0.82575905,3.1152453
286,ID383,mase,2.1231563,2.4487135,2.2811117,2.3530712,2.5783908,2.6319883,2.5174441,2.009377
287,ID384,mase,1.6589267,1.8103693,1.7033068,1.8896604,1.446841,1.5363315,1.4198325,0.839325
288,ID385,mase,0.9234619,0.5089184,0.5108067,0.5682999,0.4053587,0.39531747,0.8559496,1.1988108
289,ID386,mase,0.69152534,0.43374637,0.31914064,0.4271116,0.41396916,0.4243306,1.4553473,1.0987805
290,ID387,mase,0.28441158,0.2805285,0.27094272,0.25581506,0.26134866,0.24850917,0.222927,0.27079183
291,ID388,mase,2.6982002,2.8616579,2.868123,2.8408465,2.642936,2.7448225,3.6912968,4.173491
292,ID389,mase,2.0556972,1.7513185,1.8927338,1.8309947,1.6947087,1.8001293,2.3969004,3.0243547
293,ID39,mase,1.148601,1.1910273,1.1614677,1.1653167,1.3014183,1.2374897,1.7327967,1.8793206
294,ID390,mase,0.6528216,0.48485613,0.5966818,0.48539746,0.39626738,0.46787003,0.27075082,0.5298408
295,ID395,mase,1.1370373,0.93343747,1.1888367,0.90326416,0.7734123,0.730022,2.3750803,2.123494
296,ID398,mase,0.45070738,0.50149006,0.45525503,0.49283814,0.6305093,0.58841974,0.7258651,0.625
297,ID399,mase,0.928655,1.0663764,1.0249131,1.015878,1.1059481,1.1875966,1.2555518,0.8693946
298,ID4,mase,1.1633235,0.97968566,0.9460904,1.0555333,1.1168627,0.96534646,0.41584057,0.83380723
299,ID40,mase,2.1982918,2.3989139,2.4455035,2.9149396,2.7384691,2.5026755,2.7316325,1.7495098
300,ID400,mase,0.6669179,0.48524576,0.4542466,0.40295002,0.49456745,0.6332919,1.1577262,0.8245614
301,ID401,mase,1.4100033,1.3273494,1.2492709,1.09323,1.4396377,1.4164805,2.297056,2.090909
302,ID402,mase,0.2034664,0.49701625,0.42237717,0.462271,0.7371063,0.82156104,1.1602035,0.8796666
303,ID403,mase,0.18184519,0.28332776,0.21657522,0.25282046,0.3717807,0.332955,0.6574171,1.0807601
304,ID404,mase,1.0153359,1.1738535,1.0257562,1.1047107,1.4365199,1.3678395,1.4699041,1.2402778
305,ID405,mase,0.889699,0.91248435,0.88445204,0.8082594,1.0498654,1.1719228,1.1908083,1.4006623
306,ID406,mase,0.8254537,0.73789454,0.8061059,0.87556577,0.81331736,0.83974904,1.1452134,1.2926292
307,ID407,mase,1.0637531,1.0508342,1.0545235,1.1006097,1.2577792,1.2987168,1.1226448,1.4010841
308,ID408,mase,2.3134012,2.0400763,2.1361837,2.1578438,1.9081244,1.8548515,2.2208183,2.2966378
309,ID409,mase,4.0327992,3.509578,4.2548776,4.6653905,4.1020565,3.4817748,1.4990764,1.255123
310,ID41,mase,0.39719135,0.53507113,0.4691355,0.41257843,0.5924866,1.1306244,1.3682172,0.77049506
311,ID410,mase,0.13491616,0.15658116,0.16369592,0.11282893,0.14259975,0.11713288,0.37836376,0.46770334
312,ID411,mase,1.416666,2.0276887,1.7697445,1.7133713,2.885357,2.876626,2.901002,1.1219515
313,ID412,mase,0.7443105,0.68756366,0.6839292,0.708978,0.67838126,0.6013804,0.34949723,0.37391317
314,ID413,mase,0.8339917,0.8189382,0.81625867,0.85885006,0.9199191,0.9605158,0.8884652,0.7732096
315,ID414,mase,0.41878474,0.43763113,0.31717297,0.3633701,0.41157374,0.45342696,1.4065784,1.0820493
316,ID415,mase,1.4630594,1.1055455,1.0018083,1.0883766,1.0605066,1.1778646,1.9984033,1.542976
317,ID416,mase,1.6170213,1.1992514,1.1816692,1.2812843,1.1405739,1.2891473,1.9696076,1.6120833
318,ID417,mase,0.52609426,0.45733115,0.5008473,0.5328367,0.48122525,0.5442901,1.519722,1.1205075
319,ID42,mase,0.40181875,0.53510666,0.47119436,0.41000533,0.5965514,1.1669476,1.3824311,0.7833475
320,ID420,mase,0.6050552,0.6156716,0.65859914,0.5405556,0.6191839,0.5758119,1.6706765,2.5752091
321,ID43,mase,0.45821646,0.56909704,0.49081424,0.43847328,0.56159705,1.0354981,1.264748,0.7776392
322,ID437,mase,0.71555895,0.75903815,0.68267727,0.87390316,1.5488399,1.584086,1.8797531,1.752505
323,ID438,mase,0.5229772,0.4489378,0.4576718,0.4211662,0.4027301,0.4035772,0.33887312,0.4649131
324,ID439,mase,1.3370777,1.2505968,1.1514494,1.4545394,1.4857208,1.4850899,1.2889136,1.4722222
325,ID44,mase,0.85409564,1.9114574,1.4872712,1.8224953,2.092202,2.496519,1.4904566,1.365089
326,ID440,mase,0.60651416,0.51141644,0.5639503,0.5342056,0.66127837,0.7079753,1.7242229,2.637588
327,ID441,mase,1.0622557,1.44456,1.6350135,1.6588775,2.1685364,2.3133361,2.4899693,1.4095744
328,ID442,mase,1.0227425,1.162298,1.1679248,1.102086,1.1799427,1.1951784,1.5794253,2.1528199
329,ID443,mase,0.2126272,0.25299576,0.21030378,0.34996814,0.2714512,0.20033313,1.0275733,2.4491327
330,ID444,mase,0.23873042,0.29198155,0.19382492,0.31263182,0.25465837,0.27814123,0.81659,2.075826
331,ID445,mase,0.21649598,0.21102318,0.14401263,0.21957654,0.20293973,0.21147425,0.79222834,1.6701008
332,ID446,mase,0.14817826,0.13375506,0.084314376,0.17497349,0.104269356,0.07183121,0.74422294,1.7284282
333,ID447,mase,0.6588715,0.6253609,0.7090372,0.6075348,0.66802394,0.62992555,1.5989953,2.8252006
334,ID448,mase,0.5630851,0.5356839,0.6515859,0.48882145,0.53146553,0.4302504,2.5621543,4.97623
335,ID449,mase,0.46163955,0.41714177,0.5007566,0.36422262,0.37713206,0.3796233,1.9865252,3.835238
336,ID45,mase,0.92615646,0.78844076,0.8304932,0.79467136,0.6784777,0.81016135,0.4615572,1.2005514
337,ID450,mase,2.3164754,2.322989,2.5818238,2.1924002,1.8137726,2.0066504,1.8451967,2.648902
338,ID451,mase,0.5974242,1.0238975,0.52006924,0.7345404,1.0966536,1.0439124,2.0906472,2.524703
339,ID452,mase,1.0974883,1.3228332,1.2372646,0.9957321,1.1325816,1.3460336,1.4408859,1.7630831
340,ID453,mase,0.6941481,0.79250824,0.80650413,0.5629136,0.92542833,0.9427317,0.41589084,0.32392317
341,ID454,mase,0.25099212,0.27528033,0.28633744,0.33221635,0.39686742,0.3655043,1.0761914,2.5943663
342,ID455,mase,0.56222004,0.8064801,0.5869282,0.71683437,0.849158,0.80623233,0.99978304,1.17999
343,ID466,mase,0.7799353,0.85565674,0.85757977,0.8248294,0.87826836,0.91546524,1.1377118,1.1322951
344,ID467,mase,1.3230635,1.3121037,1.390462,1.2308904,1.3681227,1.3659117,2.4776287,2.305133
345,ID468,mase,0.9388907,1.0077595,1.1884044,1.1229842,1.4012413,1.4198892,1.5154049,0.8703704
346,ID469,mase,1.2189592,0.66795266,0.7492995,0.8336797,0.6810415,0.62305653,1.0796074,0.99974287
347,ID488,mase,0.44103158,0.4783654,0.4481117,0.39246452,0.47979367,0.50697136,0.73918635,0.7378105
348,ID49,mase,0.55977696,0.6062268,0.6727862,0.63691163,0.79594874,0.8321422,0.945515,0.5414064
349,ID490,mase,0.33093166,0.30059382,0.30889794,0.32660103,0.33513194,0.34363344,0.55270535,0.76566267
350,ID491,mase,0.67560875,0.41532657,0.4491968,0.41147155,0.4419399,0.43723762,0.6365068,0.9444444
351,ID492,mase,0.93105876,0.84724504,0.91939723,1.046971,1.5368509,1.586944,1.922313,1.1181818
352,ID493,mase,0.79530734,0.5486439,0.58025837,0.6378514,0.71787506,0.8100594,1.1257346,1.0459183
353,ID494,mase,0.44636488,0.56499004,0.5372132,0.5669843,0.5207067,0.51690394,0.5365952,0.39930555
354,ID50,mase,0.7608401,1.0757747,0.9231784,0.96379,1.4184058,1.4426533,1.2429954,0.9467161
355,ID51,mase,0.30963045,0.5788267,0.46103066,0.35155952,0.57609725,0.6143125,1.2379009,1.777517
356,ID513,mase,0.56283027,0.5627664,0.5330754,0.49383512,0.53528255,0.52693486,1.1823058,1.400641
357,ID514,mase,0.31265777,0.33828598,0.32093802,0.35674992,0.33270425,0.36468726,1.1723955,1.6138569
358,ID515,mase,0.5200841,0.38976932,0.47497374,0.25126803,0.20048745,0.22031996,1.300946,1.7340513
359,ID516,mase,0.5200547,0.4033199,0.35536486,0.37477836,0.45623282,0.47578165,0.87303686,0.990766
360,ID518,mase,0.50176805,0.5461361,0.4764684,0.478381,0.4894625,0.5458349,1.2858834,1.313944
361,ID519,mase,0.4402506,0.43190563,0.36201695,0.36389807,0.36321336,0.4356922,0.39640918,0.38643533
362,ID52,mase,0.63941133,1.022847,0.85651684,0.8978115,1.3599672,1.358851,1.1723377,0.8985258
363,ID520,mase,0.45005378,0.53143054,0.49508703,0.5549971,0.40939406,0.41903192,1.3689984,1.2042459
364,ID521,mase,0.21303453,0.19451636,0.19087563,0.17159224,0.26437122,0.3516571,0.5426292,0.4428681
365,ID522,mase,0.7049544,0.42111123,0.4730894,0.4067421,0.484691,0.47375464,0.46236008,0.96774197
366,ID523,mase,0.85862887,0.6921599,0.66351897,0.75200075,0.7007472,0.7333991,1.1800584,1.1848958
367,ID524,mase,0.38463753,0.3595895,0.3461218,0.5807063,0.38578916,0.42901492,0.5389945,0.45211694
368,ID525,mase,0.419769,0.40008596,0.32337874,0.30348638,0.70975983,0.77460605,2.4697783,2.4813664
369,ID526,mase,2.2453082,2.106184,2.0796804,2.330514,2.0368197,1.9194285,2.3469737,1.9825528
370,ID53,mase,1.8903074,0.69763845,0.959975,0.8828694,0.6893853,0.78219897,0.6926277,0.7103587
371,ID532,mase,0.7223426,0.67866087,0.69241655,0.7026979,0.707825,0.7275795,0.9640622,1.0948536
372,ID533,mase,0.24867755,0.20578253,0.22886442,0.24904048,0.2195747,0.23705527,0.16567397,0.116160356
373,ID534,mase,0.5984566,0.69808286,0.6926851,0.6382545,0.6771357,0.72871965,1.1052727,1.4352003
374,ID535,mase,0.39665076,0.30542794,0.29966566,0.35073903,0.29159236,0.20442553,0.6213823,1.4540017
375,ID536,mase,0.6831173,0.7168165,0.73441494,0.6363163,0.71456844,0.7426816,1.1681752,1.4556829
376,ID537,mase,0.45247307,0.4565147,0.4936594,0.38461035,0.4015047,0.40569702,1.2136545,1.634165
377,ID538,mase,1.036435,1.1129503,1.1757377,1.1598752,1.2101274,1.0774624,0.5676733,0.7290669
378,ID539,mase,0.48708168,0.5570587,0.6031493,0.57437885,0.68359375,0.6938794,1.1104275,1.9564639
379,ID54,mase,0.30566823,0.41580334,0.34892026,0.6061865,0.7773759,1.9834547,0.26264653,0.413523
380,ID540,mase,0.2650962,0.25360975,0.24727944,0.2474698,0.29223877,0.31449744,0.89967716,1.8353375
381,ID541,mase,0.97434944,0.9385908,1.0216637,1.0355693,0.91936237,1.3387543,0.91340727,0.99366117
382,ID542,mase,0.891527,1.450742,1.3250662,1.3934321,1.745225,1.8167396,1.8123891,1.2455829
383,ID543,mase,0.21592413,0.28949517,0.36323106,0.27414677,0.20829208,0.54048324,2.571526,4.045762
384,ID544,mase,0.25327995,0.2541473,0.24636827,0.2831914,0.23480406,0.22213362,0.23415793,0.3260274
385,ID55,mase,3.1025393,1.4037822,2.208624,1.134717,1.151176,1.0373853,0.6634531,1.2975103
386,ID556,mase,0.03893381,0.02900709,0.034508992,0.04015088,0.034169335,0.026699556,0.032635663,0.048973873
387,ID557,mase,0.13385619,0.13100232,0.13590722,0.1274185,0.111447655,0.11620821,0.08377524,0.16587302
388,ID558,mase,0.053672608,0.083043694,0.09380301,0.075364605,0.075200796,0.084753074,0.116949886,0.21512228
389,ID559,mase,0.07497815,0.06864137,0.08307411,0.07650923,0.053617295,0.06893802,0.052236624,0.118631884
390,ID56,mase,0.80271,0.7372251,0.9787085,0.8819547,1.2014854,1.2924393,1.4713145,1.3431069
391,ID560,mase,0.015860783,0.014095732,0.014450308,0.017049102,0.009699842,0.013899502,0.012686929,0.030814817
392,ID561,mase,0.0045722825,0.0040794215,0.006189958,0.0045212638,0.004929681,0.0048077875,0.004985593,0.015534473
393,ID562,mase,0.027684731,0.014929772,0.021604802,0.01757648,0.012240089,0.025295325,0.017775275,0.083212174
394,ID563,mase,0.029359967,0.026387721,0.030603183,0.024156304,0.022128478,0.017229065,0.016177073,0.04257992
395,ID564,mase,0.015461547,0.012868826,0.013532861,0.0119914925,0.01812164,0.007791036,0.009460605,0.033591203
396,ID565,mase,0.14894122,0.10642142,0.09749304,0.11903024,0.101329975,0.10426022,0.12019862,0.15272473
397,ID566,mase,0.8694751,0.68421674,0.6233838,0.6799469,0.4975678,0.45880967,0.58140254,0.8791744
398,ID567,mase,11.343705,17.448187,15.488686,17.21515,18.78399,18.31749,1.2332772,0.15009187
399,ID569,mase,0.11906026,0.2688241,0.16791934,0.25658655,0.41854113,0.5686638,0.4645397,0.85608304
400,ID570,mase,0.87507486,0.5221526,0.5076884,0.6282563,0.6470098,0.60320103,0.6947971,1.1195298
401,ID571,mase,0.62584746,2.556065,2.2623432,2.7954607,3.4553473,3.6267998,2.7178836,0.71935797
402,ID572,mase,0.8736428,0.5063481,0.55165386,0.52299905,0.47804546,0.41739905,0.7976825,1.1083025
403,ID573,mase,0.55059624,0.42418355,0.5054438,0.41147614,0.36200583,0.4264302,0.4052375,0.63742167
404,ID574,mase,0.16681579,0.1754207,0.16857708,0.16321671,0.21148694,0.21528617,0.47235015,0.8558008
405,ID575,mase,0.99024606,0.68029475,0.8620993,0.6175234,0.69329333,0.68459576,0.5186688,1.4074032
406,ID576,mase,1.0601654,0.7712116,0.78879154,0.74189097,0.82816243,0.8603172,0.6006046,0.8192771
407,ID577,mase,1.2953148,1.0079796,1.0366993,0.8823623,0.91713065,0.9178306,0.70243627,0.8675258
408,ID578,mase,0.8761684,0.6211925,0.7084113,0.5209384,0.7147932,0.6878295,0.44818142,0.8188074
409,ID579,mase,0.47928268,0.45940354,0.47666204,0.40140048,0.63071316,0.636539,0.3139918,0.53719234
410,ID580,mase,1.0748878,0.8836666,0.85229254,0.8402316,0.9025267,0.93477386,0.63221425,0.853594
411,ID581,mase,0.80715334,0.5483049,0.6264677,0.5388113,0.5753743,0.54749537,0.37975794,0.5770862
412,ID582,mase,1.4484819,1.0311815,1.1100096,0.87481505,0.9145102,0.8046434,0.88023,1.0405928
413,ID583,mase,0.5755566,0.45815212,0.36511445,0.38371015,0.38111463,0.44224656,0.12647595,0.5132076
414,ID584,mase,1.3590907,0.96283525,1.073443,0.93713796,1.0048137,0.86711836,0.87651134,1.1093388
415,ID585,mase,1.1642948,0.7784068,0.835121,0.728828,0.7776164,0.7252267,0.69383574,0.9071429
416,ID586,mase,0.9084289,0.5552562,0.6728734,0.53270215,0.51944244,0.53913885,0.6819425,0.75324667
417,ID587,mase,1.4322695,1.0125097,1.1301929,0.8334202,0.8990292,0.7750811,1.0663861,1.2549396
418,ID588,mase,1.4211141,1.0284195,1.0812646,0.97797096,0.7876723,0.7683479,1.0321333,1.2380253
419,ID59,mase,1.0541867,0.99288046,0.8447427,1.2287074,0.86395717,0.8891447,1.1108632,0.7933916
420,ID593,mase,2.2562697,1.5877019,1.8459097,1.4825503,1.4931679,1.3784069,1.4616653,1.5601606
421,ID594,mase,1.019406,0.8671993,0.88867027,0.75751555,0.71735334,0.62841564,1.1497153,1.10367
422,ID595,mase,0.16486494,0.23733982,0.22414133,0.24108256,0.24954246,0.2685809,0.27792656,0.15111549
423,ID596,mase,0.30486864,0.36754012,0.4085786,0.32151327,0.35126376,0.39935127,0.60556865,0.6411883
424,ID597,mase,0.18243937,0.2726685,0.2523867,0.27184927,0.30073282,0.31223062,0.349692,0.17563058
425,ID60,mase,0.46634123,0.75340724,0.6830485,0.65222543,0.83625627,0.8815181,1.2010002,1.1689953
426,ID61,mase,1.8273196,2.190192,2.03718,2.1367447,3.1486444,3.3416054,1.1108017,0.79798466
427,ID614,mase,0.9754744,1.4403055,1.0933902,1.6515507,1.7648621,1.7591516,1.1187984,0.8705442
428,ID615,mase,0.30979177,0.28656292,0.26675308,0.2820057,0.23223577,0.23770635,0.24583915,0.30472592
429,ID62,mase,1.4145504,1.3879948,1.4190522,1.4224399,1.4265652,1.3971624,1.4081994,1.4198146
430,ID63,mase,5.3539634,5.883019,5.6417565,5.4477105,6.310588,6.707965,5.519458,5.458728
431,ID64,mase,0.9872889,1.0846522,0.7871365,0.9911296,1.1982067,1.0526967,3.0001724,3.9740274
432,ID65,mase,0.49710718,0.4909212,0.42315903,0.56216216,1.1072291,1.2192228,1.4856346,1.4209101
433,ID66,mase,2.3347118,2.3243635,2.137163,2.0796747,2.0557861,2.128388,2.557356,3.0073357
434,ID67,mase,0.752449,1.3911724,0.8083208,0.63322574,1.4282298,2.0236304,1.6664695,1.7691488
435,ID68,mase,0.59718865,0.7678413,0.5544686,0.5134972,1.0966012,1.161683,1.3087213,0.77308685
436,ID69,mase,1.3731935,1.5707057,1.7187132,1.2453462,2.1575267,2.0246403,2.9444017,2.1165295
437,ID70,mase,1.0945415,0.9054955,1.2355837,1.0479616,0.8883003,0.8393784,1.5336802,1.4115076
438,ID71,mase,1.0087498,1.4959507,1.5513774,1.1877471,1.9617465,2.066016,1.8479023,1.668303
439,ID72,mase,0.911029,1.0130659,0.8789231,1.3083094,1.6101664,1.5147287,1.3493906,0.87404066
440,ID73,mase,0.9666839,1.3546622,1.096554,1.4206839,1.1682544,1.0568746,0.86594,0.51045483
441,ID74,mase,1.4623439,0.6090491,0.9391372,0.71646774,0.7357291,0.815101,0.3961407,1.1065074
442,ID75,mase,1.1500698,1.0921326,0.94688004,1.0027571,0.9935916,1.1076089,1.7095758,1.6730368
443,ID76,mase,0.81503564,0.7932517,0.81798476,0.72648656,1.1663804,1.4055926,1.3036135,1.5558329
444,ID77,mase,0.6300742,0.9984965,0.8655508,0.8501151,1.781072,1.9570383,1.7585374,1.147564
445,ID78,mase,0.6022128,0.6808328,0.67900616,0.70010996,1.0213321,1.2349348,0.7817213,0.8096276
446,ID79,mase,0.3679668,0.5701369,0.42419305,0.6580206,0.7609257,1.8615304,0.2942367,0.4148313
447,ID80,mase,0.38854724,0.5750005,0.46600428,0.5911767,0.72546244,1.3666817,0.5130899,0.5593473
448,ID81,mase,0.57109034,0.6908884,0.63310456,0.6537141,0.6838446,0.7785133,0.7087443,0.658608
449,ID82,mase,1.5666375,1.2088437,1.1871238,1.4375134,1.209587,1.0334684,0.48558596,0.8347279
450,ID83,mase,0.9388219,1.0799062,1.0091959,0.84236825,1.448972,1.5582737,1.6473365,1.0110466
451,ID84,mase,0.36700705,0.36782065,0.3964872,0.4305402,0.3302211,0.36390767,0.8748006,0.6648062
452,ID85,mase,0.7858172,0.7689903,0.8029508,0.92695475,1.054701,0.9615385,1.0189608,0.8983189
453,ID86,mase,1.1851934,2.1619906,2.1593177,1.3604143,2.9801018,3.00714,4.151354,1.2828904
454,ID87,mase,1.0336994,0.84260017,0.8813279,0.9637407,1.2588165,1.2295816,1.8653766,1.7238555
455,ID88,mase,0.9152273,0.5601365,0.7327017,0.6802988,0.63543135,0.66246384,1.0451204,0.8471945
456,ID89,mase,1.9198455,3.4515014,2.2933164,2.6961672,3.6853347,3.8886628,2.816089,3.1150253
457,ID9,mase,1.2187729,2.2753162,2.0914977,2.0133586,2.4536295,2.58788,0.55419904,0.8589754
458,ID90,mase,1.1521609,1.764334,1.6395426,1.7096629,2.41439,2.9498684,1.1486375,1.0945283
459,ID91,mase,1.7298558,1.7815768,1.7814074,2.1844473,2.2555096,2.6419024,1.0571518,0.78798026
460,ID92,mase,1.2118309,1.0767154,0.9108139,1.0210651,0.7408272,0.53261566,1.2066469,1.4523507
461,ID93,mase,0.63102484,0.57893723,0.5731809,0.5827423,0.51954085,0.54401946,0.6781122,0.65134424
462,ID94,mase,1.3914084,0.8047,0.6875802,0.8657909,0.5863808,0.65021116,0.8395074,1.0986842
463,ID95,mase,0.9744943,0.81612223,0.7546602,0.87184745,0.6237974,0.6005834,0.91663027,1.3201916
464,ID96,mase,0.5355938,0.71551406,0.62113833,0.72271466,0.7092127,0.9211936,0.5759317,1.0746778
465,ID97,mase,0.13718802,0.086795345,0.15613522,0.15701914,0.10793095,0.21208191,0.8580039,1.8970414
466,ID98,mase,0.57947797,0.5770671,0.5762828,0.5875247,0.5663789,0.55540735,0.65129715,0.72721785
467,ID99,mase,0.21632369,0.32466385,0.27908984,0.2394964,0.32403156,0.33566773,0.27388945,0.36160713
468,ID1,smape,0.03918512,0.020934554,0.024888096,0.022727167,0.018839333,0.019566506,0.052780226,0.11898711
469,ID10,smape,0.056444928,0.055269323,0.05785411,0.06226671,0.06254272,0.05879624,0.10297874,0.103221625
470,ID100,smape,0.015950946,0.01477516,0.012749801,0.016678654,0.016764076,0.019082887,0.017685356,0.019742256
471,ID101,smape,0.0717872,0.08222753,0.076873235,0.06649312,0.1295168,0.132044,0.11159971,0.09823286
472,ID102,smape,0.0685322,0.08261635,0.07701406,0.06820064,0.11691648,0.11474017,0.09629135,0.101973996
473,ID103,smape,0.060268484,0.054540366,0.058207385,0.04744419,0.06954135,0.072907925,0.07053818,0.07495647
474,ID104,smape,0.062450293,0.04714176,0.044493217,0.051355615,0.065632835,0.06895572,0.0708145,0.064261
475,ID105,smape,0.062076375,0.046572275,0.04488115,0.052401353,0.05906098,0.065531515,0.065264925,0.059369054
476,ID106,smape,0.06164292,0.058298178,0.055079088,0.05583839,0.10445212,0.11547204,0.08050919,0.07273963
477,ID107,smape,0.06795233,0.062190816,0.06485634,0.080764435,0.06641104,0.07275121,0.073604465,0.08209464
478,ID109,smape,0.1283266,0.13288963,0.11710596,0.13209656,0.11861557,0.113011375,0.118995465,0.15253699
479,ID11,smape,0.07352295,0.07306801,0.062154558,0.06442052,0.069444664,0.07897216,0.06448586,0.08253774
480,ID110,smape,0.09522106,0.06311006,0.08573876,0.08307451,0.04491181,0.05089587,0.03335433,0.082815394
481,ID111,smape,0.1844456,0.14979476,0.15243559,0.1319376,0.13540466,0.13824323,0.23609069,0.26224536
482,ID112,smape,0.02691573,0.031638384,0.041951906,0.034630273,0.034015592,0.034834456,0.047618262,0.081471674
483,ID113,smape,0.02688678,0.029351555,0.040962826,0.033378333,0.03481624,0.034434687,0.050456308,0.0888855
484,ID114,smape,0.04013883,0.039977115,0.04671436,0.04058812,0.04414593,0.046319284,0.08314819,0.15581062
485,ID115,smape,0.04142812,0.030697646,0.03898363,0.036487527,0.0412973,0.038497686,0.05903877,0.10953285
486,ID116,smape,0.062206484,0.058724593,0.06244814,0.062075064,0.06972171,0.07179381,0.06022566,0.043989286
487,ID117,smape,0.0708187,0.05893143,0.06816212,0.085091144,0.07241984,0.07953814,0.053673442,0.06411702
488,ID118,smape,0.035066985,0.024682695,0.041911002,0.03467419,0.029180171,0.030191148,0.10135717,0.22208357
489,ID119,smape,0.020688035,0.023306848,0.0364233,0.028209813,0.031198595,0.031308107,0.053911205,0.08690017
490,ID12,smape,0.08412146,0.08315112,0.10055804,0.06678054,0.070393376,0.061854668,0.07224322,0.08159175
491,ID120,smape,0.01964083,0.021720529,0.021023218,0.023059873,0.034709997,0.03534047,0.035684623,0.027172698
492,ID121,smape,0.022126235,0.018963633,0.025035994,0.024222763,0.02711197,0.028197883,0.054636914,0.088972814
493,ID122,smape,0.019161433,0.026088696,0.02640598,0.021943184,0.040286947,0.040651526,0.037048865,0.037098985
494,ID123,smape,0.022126235,0.018963633,0.025035994,0.024222763,0.02711197,0.028197883,0.054636914,0.088972814
495,ID124,smape,0.018122375,0.020295314,0.02397932,0.021336382,0.026309952,0.027942251,0.07937395,0.14687848
496,ID125,smape,0.038904984,0.0422055,0.05709692,0.04589371,0.04442253,0.04310004,0.04270462,0.045996256
497,ID126,smape,0.023387585,0.012905962,0.022990633,0.023261188,0.030457154,0.031618454,0.031067891,0.043168183
498,ID127,smape,0.0643564,0.06866812,0.07241418,0.06855105,0.08674238,0.088011965,0.07555418,0.07143772
499,ID128,smape,0.025225455,0.025846573,0.029565567,0.027733667,0.031012759,0.030711783,0.05565712,0.07579018
500,ID129,smape,0.034376774,0.035492375,0.04156252,0.04191052,0.03554246,0.03309352,0.03042985,0.04390924
501,ID13,smape,0.3012242,0.25433448,0.2620316,0.25839394,0.26409084,0.24183181,0.19859947,0.17499651
502,ID130,smape,0.102704994,0.13106145,0.12434791,0.0929289,0.15211926,0.15442257,0.1530672,0.20135795
503,ID131,smape,0.07209272,0.086537175,0.07666195,0.08790244,0.08529982,0.09182473,0.17285813,0.20180127
504,ID135,smape,0.08505456,0.054920934,0.078838944,0.08304581,0.10334973,0.108990006,0.1274994,0.14041394
505,ID136,smape,0.06326852,0.0643668,0.05353514,0.05427662,0.07954274,0.074087135,0.07370774,0.078375146
506,ID137,smape,0.12989135,0.13302507,0.121290535,0.13127165,0.13827723,0.1412748,0.096098505,0.053918235
507,ID138,smape,0.024232887,0.024804506,0.02307321,0.031205125,0.041270778,0.043689374,0.05505158,0.055526376
508,ID139,smape,0.05738682,0.054804496,0.045839675,0.054467134,0.04685504,0.04838943,0.05729844,0.0911852
509,ID14,smape,0.13935837,0.124454364,0.121624425,0.1362682,0.11876037,0.114147976,0.13663562,0.2709888
510,ID140,smape,0.16369073,0.13619283,0.14709197,0.13609087,0.1412565,0.14119203,0.12850092,0.11586896
511,ID141,smape,0.028690962,0.032281537,0.03315393,0.030119557,0.03781664,0.03851551,0.06061461,0.05851207
512,ID142,smape,0.06379467,0.05291,0.047872044,0.054075927,0.048100658,0.054453693,0.07683309,0.06451089
513,ID143,smape,0.051869493,0.045068886,0.04073432,0.050931565,0.042821802,0.039257765,0.013471631,0.051837783
514,ID144,smape,0.06779255,0.041890338,0.06527807,0.07293526,0.0928188,0.096847415,0.10296549,0.13169986
515,ID145,smape,0.15546547,0.16681717,0.15572391,0.16248034,0.17514099,0.18171927,0.14467986,0.1461813
516,ID146,smape,0.083358034,0.07847892,0.07214973,0.08431047,0.07233759,0.0757968,0.073433764,0.12145249
517,ID148,smape,0.049898386,0.07000511,0.04651439,0.05385031,0.05202685,0.0397357,0.135284,0.15066889
518,ID149,smape,0.059497353,0.066510126,0.07257152,0.07443582,0.07300916,0.08214435,0.12503617,0.14708048
519,ID15,smape,0.030616986,0.029577559,0.031079527,0.028179912,0.029029975,0.027676592,0.03962222,0.0492654
520,ID150,smape,0.14272487,0.11093393,0.12363433,0.13455954,0.083754174,0.08369053,0.11107091,0.1816081
521,ID151,smape,0.03246264,0.030295592,0.029461658,0.031300027,0.03149751,0.033646986,0.041524917,0.02810664
522,ID152,smape,0.03043088,0.0453061,0.03650951,0.037086964,0.058701895,0.058133513,0.053331282,0.037023343
523,ID153,smape,0.054969545,0.046140745,0.053802192,0.043087237,0.034235507,0.037005663,0.045221362,0.057434235
524,ID154,smape,0.009249672,0.021127088,0.017499316,0.017376384,0.038904633,0.033500917,0.0431276,0.09921783
525,ID155,smape,0.014449502,0.012655903,0.014609956,0.017202983,0.014095829,0.01376882,0.028537221,0.03367681
526,ID156,smape,0.037903614,0.052163616,0.044545088,0.048734806,0.05031731,0.05319558,0.06244582,0.09610826
527,ID157,smape,0.030245483,0.022223592,0.02536918,0.014510015,0.014538236,0.013251331,0.047022883,0.06972678
528,ID158,smape,0.02970989,0.037671622,0.03691281,0.03583783,0.037935577,0.03808663,0.086905956,0.1177823
529,ID159,smape,0.04250041,0.035092115,0.036414325,0.03631767,0.033882357,0.03294587,0.026250623,0.020348728
530,ID16,smape,0.070852146,0.07958023,0.07594594,0.088391475,0.08586489,0.08776358,0.08961809,0.08217335
531,ID160,smape,0.009191648,0.014445469,0.012586986,0.0126156565,0.018696304,0.019432986,0.02035585,0.02049027
532,ID161,smape,0.02901354,0.027722185,0.028343419,0.026129851,0.02719197,0.026723403,0.032698598,0.037229497
533,ID162,smape,0.026759353,0.02338579,0.023695743,0.02138773,0.019992476,0.018410727,0.038010962,0.050425746
534,ID163,smape,0.051831674,0.06256375,0.061043892,0.057307716,0.06506837,0.07030057,0.049277633,0.04450219
535,ID164,smape,0.062067553,0.05343893,0.063477434,0.0506556,0.061012864,0.06903142,0.06428112,0.06892846
536,ID166,smape,0.08872562,0.068273574,0.061050266,0.07745707,0.05784721,0.07756284,0.048616573,0.09949855
537,ID17,smape,0.13760267,0.12726545,0.1353296,0.124160305,0.13118328,0.12889308,0.119293004,0.14580904
538,ID170,smape,0.12646921,0.12308885,0.11792525,0.124106355,0.13286227,0.13967611,0.14356433,0.13931626
539,ID171,smape,0.07680591,0.0703844,0.06684643,0.067079544,0.08146891,0.08076149,0.09208141,0.08660649
540,ID173,smape,0.015144378,0.01589811,0.01835196,0.018391695,0.019019965,0.019459838,0.021757958,0.026683405
541,ID174,smape,0.12845257,0.10854466,0.11800272,0.13568297,0.14211929,0.13732532,0.10965845,0.11898975
542,ID175,smape,0.03596939,0.028705236,0.02971665,0.03193578,0.02537377,0.023063147,0.040828567,0.039193593
543,ID176,smape,0.09194711,0.07961191,0.06978793,0.09143279,0.084781975,0.100433744,0.056981046,0.10669876
544,ID177,smape,0.12118544,0.10639443,0.10277166,0.1009997,0.08263347,0.08295499,0.11455691,0.16730729
545,ID178,smape,0.12021523,0.101953,0.10620636,0.106737345,0.08438435,0.07943219,0.10460105,0.14756027
546,ID179,smape,0.13515714,0.08986286,0.11983422,0.120423466,0.095799655,0.09561361,0.02855825,0.057146713
547,ID18,smape,0.123875186,0.1284542,0.11958307,0.1353775,0.18491441,0.17760637,0.15488888,0.14842395
548,ID180,smape,0.38030714,0.16268702,0.2742066,0.1926425,0.18619597,0.15443678,0.08639652,0.15095235
549,ID181,smape,0.23812047,0.24002193,0.25428903,0.24195033,0.25238356,0.28700343,0.23676758,0.26951045
550,ID182,smape,0.024233017,0.024804752,0.02307334,0.031205442,0.041270547,0.043689158,0.05505153,0.05552662
551,ID183,smape,0.13204512,0.13017206,0.13307896,0.14667107,0.14005643,0.13806832,0.08522877,0.08973937
552,ID184,smape,0.055849236,0.056690276,0.055938408,0.05429991,0.08056251,0.107377164,0.06980773,0.10153568
553,ID185,smape,0.039574884,0.054824375,0.04822748,0.077681534,0.05622459,0.06561365,0.045743536,0.030708086
554,ID186,smape,0.033492498,0.02893902,0.027941892,0.03837028,0.030762104,0.028837813,0.05969695,0.050753314
555,ID187,smape,0.04435935,0.030188926,0.036211923,0.029814126,0.0344643,0.035934635,0.041849762,0.041804485
556,ID188,smape,0.06685309,0.0910745,0.080815,0.08499993,0.12238,0.12698145,0.12358735,0.051376004
557,ID189,smape,0.050435346,0.052039057,0.05958402,0.050725013,0.085437395,0.08686184,0.076216385,0.027659345
558,ID19,smape,0.1165601,0.13857192,0.119748466,0.12280011,0.15594406,0.14651074,0.13006115,0.07072745
559,ID190,smape,0.19986641,0.1948811,0.19546945,0.21777003,0.1804906,0.14962976,0.13028121,0.12615511
560,ID191,smape,0.05302667,0.060038842,0.06050386,0.054226182,0.071733944,0.081717774,0.096006915,0.072305255
561,ID192,smape,0.039511293,0.046408087,0.035043195,0.032711953,0.11879392,0.12001618,0.06804687,0.05863821
562,ID193,smape,0.122655295,0.13105941,0.13479348,0.1587697,0.12986457,0.13048074,0.16767643,0.19866844
563,ID194,smape,0.03326419,0.04335049,0.05690641,0.058828633,0.086088374,0.112823024,0.048966877,0.062099647
564,ID195,smape,0.015735801,0.018981969,0.015389762,0.015357908,0.016886795,0.0188771,0.024082102,0.025547806
565,ID196,smape,0.16338384,0.12208254,0.12453261,0.14452705,0.13768554,0.14375335,0.19835456,0.25440985
566,ID197,smape,0.3631815,0.36290875,0.36802083,0.3632411,0.3702129,0.414762,0.42530382,0.47023913
567,ID198,smape,0.07203055,0.075488545,0.0741001,0.07613373,0.07418557,0.07704395,0.07241251,0.083272606
568,ID199,smape,0.044726226,0.04332434,0.04992698,0.04434082,0.0478988,0.049216866,0.04684285,0.05244623
569,ID2,smape,0.068063214,0.08420426,0.07420694,0.07797235,0.09065297,0.09707832,0.08593009,0.05940354
570,ID20,smape,0.08027182,0.10481052,0.09916314,0.10266195,0.1432639,0.14035836,0.12864801,0.047727536
571,ID200,smape,0.038188785,0.046772376,0.07436952,0.053256508,0.10724116,0.10807171,0.09810413,0.10064134
572,ID201,smape,0.018652745,0.020413032,0.018994087,0.019530214,0.022073708,0.022959588,0.021420078,0.023316933
573,ID203,smape,0.062655315,0.06329073,0.064879924,0.06168133,0.0705824,0.07108079,0.026462743,0.054871976
574,ID204,smape,0.07428243,0.07645984,0.07335024,0.07625382,0.07409121,0.077681564,0.08016397,0.06726998
575,ID205,smape,0.028488722,0.03355874,0.03895517,0.04422898,0.044826,0.046905056,0.05637697,0.040782336
576,ID206,smape,0.10049456,0.1853596,0.1732473,0.1498542,0.23794992,0.23844954,0.22811425,0.06166381
577,ID207,smape,0.01663594,0.016164718,0.013576694,0.020384328,0.021909151,0.023595463,0.07549005,0.06961356
578,ID208,smape,0.024549948,0.04831037,0.040847264,0.038100503,0.064453125,0.05019997,0.058024008,0.08258976
579,ID209,smape,0.025270658,0.021640392,0.018803887,0.017232679,0.04312533,0.049002007,0.0529707,0.028590955
580,ID21,smape,0.088986665,0.087105505,0.09811155,0.09314049,0.10067664,0.10325387,0.12088053,0.1202436
581,ID210,smape,0.014115101,0.020032926,0.016489016,0.011647382,0.03874421,0.044237934,0.038528822,0.019289197
582,ID211,smape,0.035691377,0.03169266,0.03482037,0.033976484,0.023049695,0.027064227,0.041998528,0.044067517
583,ID212,smape,0.01911369,0.02638187,0.027220793,0.024584731,0.03439293,0.043635592,0.021658111,0.02108537
584,ID213,smape,0.10475373,0.107149564,0.10530531,0.1127371,0.10729823,0.104297586,0.10979146,0.11030818
585,ID214,smape,0.118093036,0.11134068,0.10627965,0.09650912,0.113532506,0.13202657,0.16283621,0.22204928
586,ID215,smape,0.026310995,0.021700993,0.016121373,0.024595264,0.02715699,0.02257863,0.020706568,0.05718761
587,ID216,smape,0.034093276,0.046291173,0.044202536,0.040811043,0.059910245,0.06570102,0.029147089,0.017073182
588,ID217,smape,0.08102185,0.07856076,0.07881416,0.07570131,0.07686265,0.07577903,0.048985943,0.09197204
589,ID218,smape,0.05220832,0.04180592,0.041378554,0.03673272,0.034424666,0.030942664,0.03670588,0.082537375
590,ID219,smape,0.07310876,0.074054375,0.06769422,0.059028067,0.07166088,0.08010949,0.07410323,0.081914276
591,ID22,smape,0.02553864,0.026213612,0.02479314,0.02763778,0.025810894,0.025529942,0.030730274,0.03923182
592,ID23,smape,0.014010029,0.014314158,0.0138770845,0.01250681,0.013538601,0.015024198,0.022807773,0.02788245
593,ID231,smape,0.02644051,0.036142588,0.03439176,0.035526097,0.04240776,0.044661157,0.051907063,0.025453264
594,ID232,smape,0.038836557,0.031948783,0.039565824,0.039627697,0.053981125,0.059102472,0.07631993,0.046856888
595,ID233,smape,0.021502603,0.019674648,0.018071262,0.022663852,0.031796765,0.03349918,0.030854436,0.03996511
596,ID234,smape,0.053626895,0.05981999,0.060512487,0.06367551,0.062295463,0.06282375,0.06317005,0.028861083
597,ID235,smape,0.13735975,0.15219031,0.16067111,0.15927738,0.18658279,0.19354145,0.20158197,0.17580327
598,ID236,smape,0.077170126,0.068056025,0.060620915,0.07299991,0.13783352,0.13991491,0.13009463,0.0662265
599,ID237,smape,0.09685067,0.09587202,0.10299972,0.08608257,0.1153821,0.13477615,0.09940602,0.16857792
600,ID238,smape,0.14790775,0.19987917,0.19677073,0.20854957,0.2329017,0.23728164,0.25582883,0.15993828
601,ID239,smape,0.046121635,0.057970703,0.06224267,0.04764254,0.076411374,0.083135776,0.080110066,0.05062843
602,ID24,smape,0.17722504,0.26919332,0.26180044,0.17793803,0.41530764,0.3964566,0.1896434,0.10164152
603,ID242,smape,0.014937009,0.015163315,0.014945764,0.01280665,0.033230484,0.033538695,0.03736195,0.017470198
604,ID247,smape,0.089384444,0.08811748,0.08882786,0.101789206,0.09239369,0.10044201,0.12443945,0.15947627
605,ID248,smape,0.12333188,0.10574546,0.119945645,0.11353825,0.11450127,0.11810161,0.11125325,0.11998002
606,ID249,smape,0.05226909,0.07156551,0.061889317,0.07141541,0.08449602,0.087886184,0.08671251,0.05082325
607,ID25,smape,0.266253,0.24325609,0.23709838,0.24092585,0.24661522,0.24697109,0.24621664,0.22073492
608,ID250,smape,0.21997495,0.1898158,0.21153092,0.34830076,0.25321388,0.27601364,0.26349372,0.2728172
609,ID251,smape,0.14474952,0.11617086,0.13325961,0.13944626,0.11986609,0.1171394,0.13821979,0.15751944
610,ID252,smape,0.118134014,0.088181086,0.10019786,0.10412547,0.089514084,0.09091868,0.065810695,0.14102867
611,ID254,smape,0.17789179,0.19778007,0.1997703,0.18816613,0.20720863,0.2015847,0.16741309,0.15319236
612,ID255,smape,0.20170492,0.16798095,0.17741351,0.1265524,0.1496295,0.16852115,0.16297437,0.18065138
613,ID256,smape,0.09051447,0.081750356,0.08848566,0.08857064,0.1077339,0.11278821,0.11453044,0.13749982
614,ID257,smape,0.12498998,0.09775535,0.09751575,0.11578986,0.0977867,0.09060128,0.10055648,0.11176686
615,ID258,smape,0.045505237,0.033726163,0.03209072,0.02978651,0.03743161,0.03767574,0.069365084,0.10404517
616,ID259,smape,0.104601085,0.11153508,0.10687035,0.10769389,0.11656918,0.120505065,0.0964269,0.0875509
617,ID26,smape,0.050028194,0.06709005,0.060992874,0.037786122,0.030784398,0.04914932,0.110354334,0.12274715
618,ID260,smape,0.03147106,0.029348142,0.025601171,0.026403174,0.034630574,0.032819718,0.021687543,0.027093876
619,ID261,smape,0.03078669,0.028151968,0.029049918,0.030830536,0.021973915,0.01946412,0.024730744,0.032228597
620,ID262,smape,0.021374194,0.02568137,0.019678744,0.024613436,0.020546468,0.021485742,0.025972515,0.018842496
621,ID263,smape,0.044346858,0.047217593,0.044302713,0.043311596,0.044331465,0.05597029,0.02989677,0.03365091
622,ID264,smape,0.04488431,0.050496936,0.046086855,0.045888178,0.056312278,0.061027013,0.026670566,0.030858167
623,ID265,smape,0.053572576,0.05119072,0.051167674,0.047116034,0.04795496,0.044785544,0.043201167,0.06235016
624,ID266,smape,0.018913405,0.01910479,0.01871137,0.02264006,0.018546188,0.020806985,0.01489009,0.024510907
625,ID267,smape,0.115661964,0.09281811,0.08713386,0.11091347,0.12274517,0.12708278,0.0684339,0.044789337
626,ID268,smape,0.09294927,0.08822601,0.08556327,0.088648185,0.1074439,0.11635882,0.065218695,0.08157054
627,ID269,smape,0.063956104,0.07555847,0.07195758,0.0657289,0.0713002,0.07423276,0.06806113,0.07750885
628,ID27,smape,0.14541283,0.1469396,0.13610089,0.14459202,0.12823342,0.1290093,0.14922632,0.15944949
629,ID270,smape,0.029888041,0.030889567,0.030053673,0.029462667,0.030135004,0.030303396,0.037962746,0.031523693
630,ID271,smape,0.04479055,0.025398519,0.034148075,0.03042258,0.027217206,0.030743286,0.053507887,0.0882565
631,ID272,smape,0.013286824,0.011853168,0.0127708325,0.023339875,0.020868022,0.022786397,0.024990708,0.017085424
632,ID273,smape,0.051959194,0.035853945,0.04203949,0.019687513,0.021732513,0.02603992,0.08537778,0.1225685
633,ID274,smape,0.053538825,0.072313055,0.07239097,0.05384329,0.08215862,0.08073963,0.121456765,0.10497382
634,ID275,smape,0.03834809,0.04066578,0.040628638,0.03724497,0.035702594,0.03337367,0.055805888,0.05006616
635,ID276,smape,0.05619566,0.0625512,0.06458813,0.06827738,0.075749695,0.06833195,0.0622601,0.08224373
636,ID277,smape,0.07331527,0.05946243,0.064739235,0.07917528,0.063792534,0.067305714,0.11408339,0.15860611
637,ID278,smape,0.031806204,0.03933599,0.025726065,0.041168734,0.05758565,0.060916714,0.05154513,0.032948073
638,ID279,smape,0.021220546,0.016955273,0.018429734,0.021742292,0.016823122,0.018545385,0.024084676,0.03363831
639,ID28,smape,0.20530394,0.19296369,0.18339704,0.19636065,0.1880251,0.20282081,0.13356405,0.13924693
640,ID280,smape,0.041161463,0.037695616,0.03546957,0.036317434,0.036492635,0.036447003,0.025319265,0.041258264
641,ID281,smape,0.026412634,0.025315594,0.026186168,0.027486425,0.039166782,0.049451247,0.032328688,0.040452078
642,ID282,smape,0.057163827,0.068262555,0.06279445,0.061145417,0.06766972,0.08729368,0.033304013,0.061558917
643,ID283,smape,0.060712777,0.05250553,0.05793486,0.057803832,0.053436942,0.059423015,0.05900142,0.06331984
644,ID284,smape,0.03431788,0.026540771,0.025158301,0.027480097,0.013872319,0.013913991,0.016706306,0.029725699
645,ID285,smape,0.06765822,0.068396896,0.06632359,0.06929302,0.07852448,0.08123293,0.14787543,0.101814985
646,ID286,smape,0.013760329,0.013783329,0.011649719,0.012011818,0.013525513,0.015379712,0.02145075,0.019767173
647,ID287,smape,0.052065857,0.0474775,0.042848505,0.049226973,0.046451762,0.04514415,0.03389307,0.026523752
648,ID288,smape,0.011405514,0.0125000235,0.013281474,0.015566314,0.024476733,0.025498554,0.024604421,0.017140599
649,ID289,smape,0.06724535,0.025024679,0.03999277,0.030591212,0.030172344,0.0337031,0.16313028,0.13456538
650,ID29,smape,0.06192703,0.06401386,0.06370443,0.07137765,0.080171734,0.08053187,0.10078282,0.06462205
651,ID290,smape,0.09517977,0.07913803,0.077464126,0.09240578,0.11880931,0.13083996,0.097627565,0.13510934
652,ID291,smape,0.109104335,0.10863175,0.109755896,0.10779603,0.10920606,0.11076176,0.120505095,0.10487686
653,ID292,smape,0.037548162,0.033843834,0.037052225,0.03384908,0.031593006,0.03333501,0.045628212,0.0561716
654,ID293,smape,0.038865138,0.025348026,0.028978273,0.03425388,0.021497447,0.02149325,0.035832446,0.0407218
655,ID294,smape,0.23993449,0.20517781,0.21993667,0.22099891,0.20748165,0.21234426,0.08731776,0.22539754
656,ID295,smape,0.073584214,0.08536984,0.0786775,0.08166991,0.0818184,0.09920663,0.03858145,0.06567519
657,ID296,smape,0.03632778,0.04550373,0.048429105,0.0385794,0.060932245,0.07413924,0.050294895,0.03471273
658,ID297,smape,0.07047189,0.06443108,0.063340925,0.06225075,0.052761786,0.057317063,0.066276945,0.080962606
659,ID298,smape,0.026297133,0.028143112,0.029309083,0.026819585,0.03211522,0.03275943,0.030067902,0.036125533
660,ID299,smape,0.012644901,0.023655532,0.024211401,0.021785589,0.033021722,0.031179646,0.02399126,0.021637067
661,ID3,smape,0.026019951,0.03134072,0.03408281,0.032941394,0.038073502,0.038720503,0.047501788,0.069995135
662,ID30,smape,0.08697213,0.11480558,0.11577317,0.1201784,0.12780929,0.12878786,0.14048891,0.103944
663,ID300,smape,0.18945542,0.19330233,0.17783996,0.18515974,0.17695794,0.16773662,0.057678334,0.17939919
664,ID301,smape,0.087394804,0.09051184,0.07194177,0.09135217,0.07781458,0.08354294,0.03829865,0.12384336
665,ID302,smape,0.014318548,0.012815164,0.012599944,0.014811611,0.017375682,0.018474374,0.01781812,0.015839914
666,ID303,smape,0.08331359,0.042315863,0.06213286,0.039119106,0.052381426,0.035393506,0.11755516,0.036868572
667,ID304,smape,0.01783752,0.015482213,0.017146872,0.016363872,0.016711362,0.023312926,0.020170802,0.027202323
668,ID305,smape,0.06349699,0.07323537,0.06339794,0.070748135,0.09301107,0.07341111,0.121095195,0.035376225
669,ID306,smape,0.1363274,0.13386618,0.12973793,0.14271607,0.119156934,0.12001281,0.1701938,0.19970345
670,ID307,smape,0.048972443,0.043494307,0.054739747,0.040428862,0.0418457,0.047637433,0.048810817,0.035076674
671,ID308,smape,0.11395172,0.109662294,0.10846314,0.12025874,0.10445312,0.106530905,0.08556231,0.09916271
672,ID309,smape,0.05584145,0.048918325,0.054566406,0.047372814,0.055363093,0.059539936,0.028170515,0.05560047
673,ID31,smape,0.074888125,0.10848237,0.09470547,0.100584015,0.11110736,0.10544321,0.110492766,0.117119566
674,ID310,smape,0.02190234,0.02987676,0.031442802,0.025492474,0.038847577,0.042997763,0.040422555,0.06997478
675,ID311,smape,0.09406846,0.06857231,0.06032288,0.0658282,0.03272537,0.03292656,0.029360835,0.109776944
676,ID312,smape,0.0069611175,0.006999642,0.009111555,0.0068843774,0.010903811,0.011200402,0.015715035,0.015767476
677,ID313,smape,0.061464876,0.07704766,0.07479574,0.069323555,0.08948834,0.090861365,0.08895521,0.07209536
678,ID314,smape,0.019415066,0.030123685,0.020871233,0.022456735,0.0228238,0.023640165,0.052987907,0.06715446
679,ID315,smape,0.037412956,0.039288767,0.028527541,0.03596795,0.036520127,0.034368463,0.07437645,0.084388785
680,ID316,smape,0.07493078,0.082595445,0.08245091,0.08719712,0.06529118,0.07044682,0.06141547,0.05945919
681,ID317,smape,0.026796753,0.023462102,0.020061906,0.023682423,0.015739884,0.01766092,0.015808962,0.02486099
682,ID318,smape,0.040007114,0.034804795,0.03480612,0.03894604,0.03531129,0.03498293,0.038041707,0.041835953
683,ID319,smape,0.005432973,0.006442787,0.0061274455,0.0053726155,0.0074274126,0.0074369563,0.0073165926,0.0048661064
684,ID32,smape,0.05321573,0.040131625,0.041627634,0.042558245,0.04567704,0.057533268,0.061968062,0.062028907
685,ID320,smape,0.06770282,0.050304633,0.05746076,0.06316629,0.054591775,0.049991734,0.05498404,0.08405418
686,ID321,smape,0.017144093,0.02031882,0.02109754,0.019216204,0.020812597,0.026621077,0.01523039,0.028395876
687,ID322,smape,0.06275545,0.055532992,0.056157313,0.049074564,0.04677581,0.046138924,0.08366444,0.10295339
688,ID323,smape,0.08084199,0.07884354,0.08291803,0.07735049,0.0871518,0.10442165,0.051133633,0.067310914
689,ID324,smape,0.043630708,0.04346632,0.037227582,0.03728834,0.04126181,0.03071056,0.068952896,0.08100963
690,ID325,smape,0.04164672,0.031926557,0.03491156,0.034876764,0.031754315,0.031220358,0.026995642,0.046679426
691,ID326,smape,0.038833305,0.02375501,0.020816967,0.023140866,0.026687538,0.029322281,0.050485503,0.04405476
692,ID327,smape,0.042477462,0.041747715,0.03592084,0.038827606,0.030017287,0.031655572,0.0710526,0.07719049
693,ID328,smape,0.11598451,0.10466154,0.11256547,0.13931894,0.1245099,0.13160673,0.08580075,0.10584383
694,ID329,smape,0.089861125,0.069640964,0.082784906,0.07416546,0.06219733,0.043950118,0.06387224,0.08420654
695,ID33,smape,0.067808084,0.061959624,0.06650609,0.06445746,0.076797806,0.07644164,0.080706075,0.06011319
696,ID330,smape,0.14229636,0.120199606,0.10724404,0.13327587,0.14388113,0.14025134,0.13012525,0.11037879
697,ID331,smape,0.11372873,0.109170005,0.10242431,0.11109779,0.09820031,0.09996491,0.07296741,0.12414928
698,ID332,smape,0.048343454,0.04847752,0.04608977,0.05021499,0.049724177,0.0538741,0.05959735,0.07138463
699,ID333,smape,0.06917082,0.057674028,0.048365593,0.0703989,0.057478506,0.07551325,0.110288456,0.061096482
700,ID334,smape,0.07023179,0.061161425,0.05672363,0.054224264,0.05442005,0.054033995,0.051305257,0.06332069
701,ID335,smape,0.17146955,0.14829358,0.15927997,0.17362061,0.1539338,0.13834482,0.22282855,0.22134054
702,ID336,smape,0.084185675,0.10573541,0.1024115,0.08043901,0.1327374,0.16314064,0.08631049,0.0878783
703,ID337,smape,0.26832026,0.2988868,0.28457615,0.2947032,0.29099688,0.36902624,0.17253529,0.2356932
704,ID338,smape,0.15762627,0.1910902,0.19544038,0.19308488,0.2278367,0.25535244,0.21767995,0.23793215
705,ID339,smape,0.08305067,0.082249284,0.07306172,0.07235875,0.08358793,0.06624282,0.090510145,0.09179752
706,ID34,smape,0.049920302,0.04989346,0.053439967,0.051360317,0.06783262,0.07033608,0.06277837,0.04508169
707,ID340,smape,0.1131419,0.1210202,0.13243532,0.10480203,0.11617301,0.1137626,0.15626222,0.1648167
708,ID341,smape,0.07327539,0.058973383,0.060549047,0.062213376,0.04133078,0.036312565,0.07273346,0.0956602
709,ID342,smape,0.09256378,0.063417315,0.06651239,0.0717805,0.053480566,0.050509285,0.048315495,0.108802594
710,ID343,smape,0.11981733,0.11612916,0.107856676,0.116058394,0.11522643,0.12505272,0.104360804,0.09476138
711,ID344,smape,0.078529686,0.028169261,0.03315147,0.03796162,0.03368684,0.022194287,0.059348784,0.08128306
712,ID345,smape,0.08981779,0.10653503,0.0973019,0.15224926,0.13705966,0.14499347,0.07371077,0.11054792
713,ID346,smape,0.052325476,0.043273777,0.056798525,0.048059694,0.055451427,0.05739779,0.055924784,0.039965946
714,ID347,smape,0.032000206,0.029668447,0.02647817,0.022564346,0.034580857,0.039490733,0.036284532,0.03287025
715,ID348,smape,0.11265689,0.11030247,0.10177026,0.109736964,0.11571496,0.11466935,0.10715302,0.0943557
716,ID349,smape,0.035815105,0.031135963,0.026416536,0.028581528,0.026730048,0.025158415,0.05512362,0.064971566
717,ID35,smape,0.0920386,0.08187359,0.07747733,0.07253138,0.09029162,0.08506198,0.10122059,0.061801452
718,ID350,smape,0.07974503,0.067453206,0.07881531,0.08249925,0.07948769,0.082137726,0.08998229,0.14143126
719,ID351,smape,0.07025439,0.06365318,0.05853372,0.05226805,0.06647302,0.065610416,0.10137527,0.1300757
720,ID352,smape,0.04345982,0.045540698,0.043763332,0.045341868,0.049887028,0.04961282,0.054085363,0.042868447
721,ID353,smape,0.03558617,0.025660396,0.030000959,0.024972443,0.02262376,0.020597931,0.019625418,0.04898063
722,ID354,smape,0.03040312,0.032924123,0.027375609,0.039705496,0.0445269,0.04715468,0.025307423,0.08173296
723,ID355,smape,0.015436536,0.034714714,0.02505888,0.034575753,0.041660585,0.04696093,0.0481294,0.045205224
724,ID356,smape,0.046904996,0.06812783,0.06475873,0.08282041,0.08445183,0.09612619,0.03591477,0.038053736
725,ID357,smape,0.011266939,0.019817408,0.018764582,0.021488547,0.027039142,0.03631279,0.047011394,0.023205267
726,ID358,smape,0.095369264,0.087957576,0.09399323,0.1061484,0.110945985,0.110665664,0.09209707,0.06493983
727,ID359,smape,0.03230381,0.052056048,0.049925897,0.040576547,0.06806755,0.08677628,0.08387773,0.030985285
728,ID36,smape,0.04529026,0.047074523,0.048499778,0.043741133,0.052288964,0.053195123,0.0665834,0.07904971
729,ID360,smape,0.03676171,0.04384875,0.050878417,0.05446393,0.053289536,0.06835819,0.04867104,0.026815472
730,ID361,smape,0.046012215,0.056330115,0.038442113,0.0962054,0.063342154,0.0695921,0.06473082,0.023902517
731,ID362,smape,0.055449586,0.06794669,0.07017579,0.071311325,0.07937746,0.08860085,0.1138659,0.044239346
732,ID363,smape,0.030402208,0.025569122,0.02811851,0.028082851,0.030262578,0.035746396,0.064847104,0.07380834
733,ID364,smape,0.037974387,0.028442612,0.037293002,0.040971734,0.028072942,0.029557398,0.06317854,0.08296561
734,ID365,smape,0.029970394,0.032177806,0.031295322,0.033983525,0.034336623,0.03822443,0.032924477,0.022777516
735,ID366,smape,0.059992444,0.048093446,0.045884322,0.04023614,0.0482691,0.03984647,0.09120584,0.07413288
736,ID367,smape,0.027126815,0.033145696,0.0268532,0.022108829,0.03534274,0.03645103,0.04159318,0.04960809
737,ID368,smape,0.018388381,0.020783586,0.02316218,0.02020935,0.025407318,0.026445962,0.050363984,0.077259764
738,ID369,smape,0.103471644,0.07878787,0.08302626,0.078483455,0.071169674,0.064894035,0.04129147,0.15493613
739,ID37,smape,0.042910933,0.048943628,0.05390133,0.04217497,0.07538382,0.073701456,0.07538049,0.0704659
740,ID370,smape,0.04881892,0.0278784,0.04110728,0.037424847,0.056768425,0.061397873,0.075978875,0.06739503
741,ID371,smape,0.06267369,0.08190393,0.09777312,0.073950775,0.09287492,0.086234435,0.12744397,0.1005832
742,ID372,smape,0.061898716,0.05982149,0.062340397,0.06958269,0.077963986,0.09007283,0.08089547,0.04586069
743,ID373,smape,0.03924295,0.057631813,0.049768597,0.04204628,0.0660588,0.06370872,0.05085571,0.05201799
744,ID374,smape,0.11188411,0.07267939,0.062150385,0.07968736,0.05904905,0.061003022,0.058265314,0.05556177
745,ID375,smape,0.020808179,0.024503749,0.03469281,0.027692093,0.044535145,0.08407168,0.07459372,0.08154289
746,ID376,smape,0.03450247,0.038219936,0.040084615,0.034276817,0.042356133,0.04429548,0.058726594,0.09905702
747,ID377,smape,0.024210356,0.021634968,0.02797633,0.02173896,0.022921521,0.021722008,0.040099967,0.06000372
748,ID378,smape,0.03852961,0.04644349,0.041712355,0.035968028,0.05045261,0.04867234,0.040768195,0.04265052
749,ID379,smape,0.06160492,0.06248755,0.06425318,0.06481069,0.06866056,0.07017645,0.07522406,0.07432537
750,ID38,smape,0.06487102,0.07353504,0.076394424,0.079427466,0.08359877,0.08642989,0.08248423,0.05764063
751,ID380,smape,0.037881948,0.030513529,0.030786583,0.026096014,0.026761143,0.027494157,0.04906746,0.054371305
752,ID381,smape,0.034722857,0.034670398,0.021286266,0.037957065,0.026462598,0.027634047,0.03317853,0.08844189
753,ID382,smape,0.053288102,0.047801953,0.051579252,0.04825336,0.046264116,0.041609697,0.03016735,0.12661767
754,ID383,smape,0.087231606,0.10112436,0.09349364,0.09681555,0.10716921,0.10951423,0.10388384,0.08346061
755,ID384,smape,0.07936554,0.08613968,0.08156283,0.08938063,0.070743956,0.07461153,0.069687106,0.040214397
756,ID385,smape,0.082092166,0.047495615,0.047505766,0.052549064,0.037730288,0.038079496,0.07812889,0.10209085
757,ID386,smape,0.015558,0.009678457,0.00710536,0.009542134,0.009249167,0.009477235,0.03331984,0.024975428
758,ID387,smape,0.005578736,0.0055027185,0.0053157085,0.0050211437,0.00512914,0.0048788358,0.004380177,0.0053136926
759,ID388,smape,0.090068005,0.09535196,0.09563896,0.09456672,0.08719644,0.09093806,0.1270423,0.14754942
760,ID389,smape,0.074314415,0.061585303,0.0669501,0.06458341,0.05942722,0.06338963,0.08642042,0.113304436
761,ID39,smape,0.12395825,0.12778673,0.12393771,0.12699318,0.13764922,0.13131192,0.18414503,0.21971829
762,ID390,smape,0.006769168,0.0050396346,0.006191719,0.005045225,0.0041237893,0.0048639365,0.002824326,0.0055551725
763,ID395,smape,0.025567673,0.02083292,0.026715025,0.020132655,0.017146312,0.016169343,0.054789178,0.048897244
764,ID398,smape,0.017522331,0.019479483,0.017640654,0.019129384,0.024617717,0.022921093,0.02845044,0.024600802
765,ID399,smape,0.020026326,0.023039937,0.02213837,0.021944819,0.023915557,0.025717301,0.02721934,0.018728975
766,ID4,smape,0.043264546,0.03674828,0.035519473,0.039506804,0.041729663,0.036301184,0.016051818,0.031864267
767,ID40,smape,0.14972372,0.16701293,0.1707976,0.21096276,0.19809689,0.18060592,0.19272184,0.1230217
768,ID400,smape,0.01686617,0.012053227,0.011273053,0.010000459,0.01236196,0.015865486,0.02951119,0.021130787
769,ID401,smape,0.03167984,0.029561955,0.027719436,0.024138343,0.03219776,0.031684246,0.052564457,0.048042737
770,ID402,smape,0.007051536,0.01834736,0.014904663,0.017173456,0.026480528,0.029188901,0.039958976,0.028497912
771,ID403,smape,0.0067448304,0.010526067,0.008027175,0.009372382,0.013867442,0.012396034,0.024847014,0.041693337
772,ID404,smape,0.022678604,0.026211798,0.022753078,0.024677308,0.032257035,0.030652622,0.033038534,0.028537154
773,ID405,smape,0.021318424,0.02193296,0.021275453,0.019463358,0.025194442,0.028039554,0.02867703,0.03476151
774,ID406,smape,0.02531283,0.022549735,0.024774566,0.02687142,0.025018949,0.025871836,0.03556787,0.041199278
775,ID407,smape,0.033725336,0.03356004,0.03363349,0.034949634,0.03971093,0.04091826,0.035725154,0.045631107
776,ID408,smape,0.059101712,0.051383547,0.053996615,0.054593083,0.047761895,0.04634111,0.056198664,0.059441987
777,ID409,smape,0.13187218,0.11291793,0.14030561,0.1563831,0.13546954,0.112817325,0.045242,0.037232023
778,ID41,smape,0.01613197,0.021690737,0.018796507,0.016140126,0.02217539,0.043480188,0.05354615,0.02945771
779,ID410,smape,0.010576621,0.012388567,0.012868712,0.008829459,0.011179865,0.009177782,0.030330319,0.038160123
780,ID411,smape,0.0769567,0.10864318,0.09130075,0.08775887,0.16047798,0.15994188,0.1610914,0.06327465
781,ID412,smape,0.013905983,0.012864117,0.012796372,0.013255962,0.012694486,0.011273917,0.0065947883,0.0070983623
782,ID413,smape,0.015947739,0.01567845,0.015641827,0.016423557,0.017603807,0.01839059,0.016993327,0.014818121
783,ID414,smape,0.0097337,0.010192628,0.0073808134,0.008445582,0.0096054375,0.01056174,0.033448614,0.025642816
784,ID415,smape,0.03173551,0.02369958,0.021384198,0.02330102,0.022730077,0.02528395,0.04374783,0.033561677
785,ID416,smape,0.039771844,0.02903611,0.028542265,0.0311038,0.027570914,0.031265177,0.048736744,0.03966437
786,ID417,smape,0.016002491,0.013815295,0.015098105,0.016180439,0.014644355,0.016595764,0.04815758,0.03605428
787,ID42,smape,0.015981017,0.021268874,0.018456886,0.015707197,0.021843407,0.044339728,0.053158313,0.029457971
788,ID420,smape,0.015115676,0.015374562,0.016476948,0.013473636,0.015456207,0.014350781,0.043160163,0.068476066
789,ID43,smape,0.01441169,0.018508676,0.015868464,0.013915056,0.01737922,0.03211074,0.04046813,0.024167594
790,ID437,smape,0.014677556,0.015546947,0.013804942,0.0174478,0.032661337,0.033381425,0.039292704,0.0369092
791,ID438,smape,0.01024839,0.008810473,0.008980237,0.008272405,0.007913573,0.007930223,0.0066693067,0.009162266
792,ID439,smape,0.03929573,0.03709262,0.03425204,0.042773347,0.043722726,0.04370322,0.038396608,0.04403302
793,ID44,smape,0.027359566,0.06078228,0.04792197,0.05814444,0.06613061,0.077500105,0.04769829,0.04540328
794,ID440,smape,0.01100824,0.009298367,0.01030202,0.009697318,0.012102884,0.012968087,0.03234068,0.05073969
795,ID441,smape,0.01961405,0.027081726,0.030586334,0.030554751,0.04033463,0.043030694,0.04633897,0.026601713
796,ID442,smape,0.022508545,0.025687654,0.02582012,0.024310073,0.026089437,0.026439734,0.03534293,0.048962448
797,ID443,smape,0.006973012,0.008257663,0.006888537,0.011351556,0.008843176,0.0065697436,0.035017405,0.088217676
798,ID444,smape,0.0067580706,0.00825677,0.005496268,0.008827613,0.0072144307,0.007865129,0.024031943,0.06373947
799,ID445,smape,0.005837808,0.0056868657,0.0038955226,0.00591513,0.00547334,0.0056983405,0.022023886,0.047740687
800,ID446,smape,0.0036421742,0.0032903834,0.0020871514,0.0042913593,0.0025705479,0.001778302,0.018719835,0.044754714
801,ID447,smape,0.01629164,0.015440894,0.017557591,0.0149913095,0.016513828,0.015557906,0.04075985,0.07475132
802,ID448,smape,0.013780439,0.013088331,0.016021043,0.01190819,0.012995384,0.010445407,0.067603946,0.14200823
803,ID449,smape,0.014388495,0.012947721,0.015629625,0.011285039,0.011664291,0.011758786,0.06594973,0.1372397
804,ID45,smape,0.03000141,0.025611006,0.026972182,0.02566718,0.022077776,0.026229698,0.015241635,0.039496362
805,ID450,smape,0.18549325,0.18676983,0.21523893,0.17241114,0.13244548,0.15062252,0.13532391,0.22636203
806,ID451,smape,0.052974973,0.08641227,0.046501953,0.064143896,0.09176927,0.088071644,0.1614266,0.18733034
807,ID452,smape,0.0888354,0.10504924,0.09885095,0.08104925,0.09093828,0.105100825,0.113439515,0.1335721
808,ID453,smape,0.045177773,0.051315323,0.052128326,0.03698477,0.059348993,0.060377143,0.027870785,0.021813016
809,ID454,smape,0.0075611477,0.008258486,0.008582318,0.009978866,0.011965947,0.010994358,0.033648975,0.0865304
810,ID455,smape,0.020865526,0.030036947,0.021918995,0.026830135,0.031559143,0.029951643,0.037103258,0.046349183
811,ID466,smape,0.03005049,0.033009253,0.033062875,0.031825855,0.03391849,0.035364207,0.04439875,0.044855814
812,ID467,smape,0.042222805,0.041921515,0.04452966,0.0391995,0.043760944,0.043701623,0.08356192,0.07810716
813,ID468,smape,0.026870009,0.028803501,0.033616252,0.03165591,0.039472815,0.03995314,0.04238696,0.025258379
814,ID469,smape,0.036987986,0.01977753,0.022287108,0.024898566,0.020174887,0.01840496,0.032517735,0.030214291
815,ID488,smape,0.010665522,0.011519894,0.010768984,0.009430052,0.011523233,0.012185587,0.017897492,0.017978823
816,ID49,smape,0.060569957,0.07443979,0.07918415,0.079277635,0.10025993,0.104044825,0.11789599,0.063707285
817,ID490,smape,0.013819898,0.012483766,0.012862144,0.013571446,0.013992991,0.014361212,0.023462838,0.033415057
818,ID491,smape,0.034023628,0.02110922,0.022778632,0.020767607,0.022446621,0.022325136,0.033046883,0.051830396
819,ID492,smape,0.019571133,0.017548652,0.019024525,0.021995606,0.03254096,0.033658978,0.040965397,0.024457071
820,ID493,smape,0.016740961,0.0117166415,0.012285069,0.013642979,0.015355265,0.01728969,0.024226954,0.02303531
821,ID494,smape,0.010970997,0.013796564,0.013130808,0.013848898,0.012731722,0.012681992,0.013313418,0.009804836
822,ID50,smape,0.02636553,0.03729043,0.03204878,0.033473853,0.048386477,0.049162485,0.04279864,0.032506626
823,ID51,smape,0.008386511,0.015772775,0.01251694,0.009523166,0.015686503,0.016746797,0.034378283,0.050242055
824,ID513,smape,0.015842471,0.015804775,0.014959725,0.013848092,0.01501259,0.014770355,0.03397525,0.040654954
825,ID514,smape,0.018261325,0.020105459,0.019028299,0.021193981,0.01976131,0.021740047,0.07435855,0.105748355
826,ID515,smape,0.03240949,0.024075301,0.029515728,0.015367868,0.012213404,0.01344461,0.085231535,0.11700572
827,ID516,smape,0.03268154,0.025738494,0.022618758,0.023811003,0.029045818,0.030288583,0.05668405,0.065129094
828,ID518,smape,0.01373675,0.014699025,0.012884436,0.0129237585,0.013066866,0.014609702,0.035384417,0.03661435
829,ID519,smape,0.016420119,0.01609737,0.013441986,0.013514435,0.013478622,0.016266117,0.014741639,0.014352256
830,ID52,smape,0.0251584,0.04125913,0.03469125,0.036355782,0.0541439,0.05411456,0.047020834,0.03613238
831,ID520,smape,0.013177335,0.015560845,0.014489304,0.016268294,0.011933108,0.012217501,0.041162662,0.036122542
832,ID521,smape,0.006522024,0.0059633036,0.005876196,0.00526891,0.008144246,0.010784227,0.016779209,0.013859682
833,ID522,smape,0.016877394,0.010322643,0.011543648,0.009971849,0.011859315,0.011592569,0.0112981815,0.024698755
834,ID523,smape,0.017668175,0.014121192,0.013538369,0.015354816,0.01430964,0.014972725,0.024398942,0.024638735
835,ID524,smape,0.009482598,0.008995152,0.008663304,0.014302365,0.009698719,0.010776728,0.013530978,0.01154312
836,ID525,smape,0.008798588,0.008524885,0.0069416994,0.0066287755,0.015218403,0.016638715,0.055407595,0.05659359
837,ID526,smape,0.053590562,0.050027926,0.04937689,0.055690438,0.048276782,0.045353185,0.056095533,0.04711767
838,ID53,smape,0.11314058,0.038559638,0.054216266,0.049636573,0.037917994,0.045552954,0.03739564,0.03697805
839,ID532,smape,0.023395615,0.02188177,0.022343105,0.022686047,0.022849003,0.02350682,0.03145363,0.035989873
840,ID533,smape,0.012832922,0.010636031,0.011817677,0.012848162,0.011343477,0.012238186,0.00856832,0.0060015935
841,ID534,smape,0.0061466633,0.007178465,0.0071225883,0.0065584984,0.006961121,0.0074962825,0.011421357,0.014886232
842,ID535,smape,0.018367868,0.014231869,0.013956305,0.016282007,0.013616227,0.009625129,0.029812366,0.0737768
843,ID536,smape,0.006292201,0.0066049052,0.0067684073,0.0058582556,0.006583992,0.006845094,0.010814069,0.013514732
844,ID537,smape,0.025322516,0.025596261,0.027795913,0.021379635,0.022385057,0.022624914,0.071730606,0.1003089
845,ID538,smape,0.05369786,0.0574006,0.06036526,0.059588846,0.062074948,0.055689298,0.03048616,0.039186094
846,ID539,smape,0.003600366,0.004119367,0.0044620815,0.004248232,0.0050598625,0.005136563,0.008250511,0.014650136
847,ID54,smape,0.02486472,0.03449163,0.0297894,0.048111953,0.07731571,0.1649721,0.021685826,0.03607284
848,ID540,smape,0.0063181575,0.0060377214,0.0058839186,0.0058941343,0.0069368794,0.007452047,0.02170421,0.04560192
849,ID541,smape,0.14170669,0.13934958,0.1490186,0.15199873,0.13827941,0.1849291,0.13828647,0.14924046
850,ID542,smape,0.038490444,0.061034366,0.056147657,0.058845896,0.07195975,0.07407306,0.07520421,0.04689712
851,ID543,smape,0.008073683,0.01085267,0.013579365,0.010294467,0.0078117917,0.02013907,0.10357551,0.17458297
852,ID544,smape,0.047779284,0.04785747,0.04656271,0.05286012,0.044518016,0.04236888,0.044427417,0.05596286
853,ID55,smape,0.27258345,0.1066083,0.17916584,0.083604485,0.08538261,0.07804928,0.046166442,0.087075144
854,ID556,smape,0.06378231,0.04637604,0.05544495,0.06508628,0.05435742,0.041857004,0.051820274,0.081283465
855,ID557,smape,0.23095927,0.22301406,0.22889762,0.2179845,0.20314457,0.2080328,0.16640371,0.31826824
856,ID558,smape,0.14975058,0.21120161,0.227586,0.19718933,0.19561887,0.21410547,0.27550843,0.39650178
857,ID559,smape,0.119618386,0.10609514,0.12654962,0.11033046,0.07516962,0.092949584,0.072814226,0.17535466
858,ID56,smape,0.06553011,0.0632539,0.08756322,0.07730431,0.10406631,0.10990301,0.12750466,0.11992392
859,ID560,smape,0.12108983,0.10296456,0.11069968,0.12896547,0.07025409,0.10268222,0.09057331,0.20258614
860,ID561,smape,0.17215727,0.14708965,0.205386,0.16064876,0.17743339,0.1716769,0.17592785,0.23560607
861,ID562,smape,0.27022466,0.10492557,0.13851976,0.13213909,0.085453086,0.16055624,0.11925676,0.2357791
862,ID563,smape,0.10729876,0.09292258,0.11049934,0.08426428,0.07493332,0.056734707,0.052944284,0.15142044
863,ID564,smape,0.0754372,0.062239762,0.064725704,0.056432493,0.088247135,0.034978177,0.043345965,0.1193891
864,ID565,smape,0.409438,0.2537688,0.2277714,0.29456243,0.23856434,0.24673834,0.2974851,0.32489878
865,ID566,smape,0.16981995,0.12508346,0.110137954,0.123253725,0.08134214,0.07405133,0.096696205,0.16693847
866,ID567,smape,0.8357015,0.88066477,0.8714092,0.8807597,0.88690734,0.88534665,0.49760953,0.1215077
867,ID569,smape,0.001260903,0.0028650449,0.0017814809,0.0027358183,0.004468804,0.006070521,0.0049736393,0.009256991
868,ID570,smape,0.009208742,0.0054394137,0.005289425,0.006557784,0.006746072,0.0062895725,0.007261146,0.011822211
869,ID571,smape,0.013530204,0.054664664,0.048640486,0.05932966,0.0721301,0.07536477,0.05777268,0.015283885
870,ID572,smape,0.009917652,0.0057021985,0.0062192385,0.0058901794,0.005376581,0.0046918,0.009026291,0.012630304
871,ID573,smape,0.050413102,0.038795575,0.04569877,0.038328283,0.033328675,0.039350074,0.037266497,0.060699787
872,ID574,smape,0.0018384364,0.001931252,0.0018566382,0.0017980997,0.0023293882,0.002371177,0.0052248207,0.009520309
873,ID575,smape,0.11908176,0.08748795,0.10747009,0.08041867,0.09090252,0.08908023,0.068344146,0.21063764
874,ID576,smape,0.09106985,0.068599485,0.06989621,0.06617001,0.07326779,0.075882874,0.054363035,0.07567909
875,ID577,smape,0.13506153,0.109372616,0.11181803,0.09718716,0.10063355,0.10068759,0.07924266,0.10177102
876,ID578,smape,0.07040849,0.051364653,0.05787565,0.043541458,0.058616117,0.05654906,0.037803967,0.06831376
877,ID579,smape,0.031897914,0.030776367,0.031885996,0.027003922,0.04177761,0.042160712,0.021355867,0.03617015
878,ID580,smape,0.09642989,0.081394,0.07856235,0.07769233,0.082982376,0.08568702,0.059790775,0.08243115
879,ID581,smape,0.05997514,0.04184302,0.047444798,0.041155584,0.04383736,0.04183038,0.029517226,0.045072496
880,ID582,smape,0.1609658,0.12210485,0.12935206,0.10567021,0.10994099,0.09813463,0.10644803,0.12980953
881,ID583,smape,0.045612693,0.037077203,0.029668551,0.031156363,0.031075599,0.035900395,0.010632993,0.044180706
882,ID584,smape,0.15084228,0.11350864,0.123902775,0.110773966,0.11791903,0.103591055,0.10475254,0.13280481
883,ID585,smape,0.11166407,0.07859981,0.08343707,0.07400647,0.07857465,0.0737207,0.070844404,0.093625456
884,ID586,smape,0.09771101,0.06314689,0.07497228,0.061254278,0.05984743,0.062001016,0.07732377,0.083783865
885,ID587,smape,0.19003294,0.14431557,0.15722114,0.12259993,0.13069178,0.11511852,0.15167418,0.17671256
886,ID588,smape,0.20462003,0.15952781,0.1651822,0.15274099,0.1279572,0.12556022,0.16117093,0.19337952
887,ID59,smape,0.044500683,0.04241847,0.036498707,0.051422287,0.037511326,0.038542677,0.047695845,0.034878585
888,ID593,smape,0.222521,0.17197403,0.19210915,0.16256352,0.16355614,0.15304418,0.16137236,0.18102092
889,ID594,smape,0.1327943,0.11022871,0.113327794,0.09458469,0.089123085,0.07681135,0.1527256,0.14651233
890,ID595,smape,0.016109988,0.02342631,0.02211303,0.023808412,0.024686106,0.026597166,0.027542789,0.015055961
891,ID596,smape,0.027275465,0.032701906,0.03651621,0.028476276,0.031207757,0.035668276,0.055360846,0.06001453
892,ID597,smape,0.027933748,0.04270448,0.03935918,0.042368434,0.047132503,0.048873726,0.054693773,0.027096897
893,ID60,smape,0.031067902,0.058937382,0.053190324,0.05201592,0.06476043,0.06790367,0.091526866,0.09311874
894,ID61,smape,0.07413574,0.08819254,0.08197379,0.08568518,0.12286931,0.12920012,0.048901215,0.035775166
895,ID614,smape,0.03002616,0.04478802,0.034221545,0.051021833,0.05430073,0.05414151,0.035057828,0.028713286
896,ID615,smape,0.00278116,0.0025733656,0.0023959798,0.002532546,0.0020867148,0.0021357518,0.0022087065,0.0027357552
897,ID62,smape,0.12514542,0.12246228,0.12560177,0.12594754,0.12636796,0.123391636,0.12451555,0.12571445
898,ID63,smape,0.16115831,0.17414385,0.16827866,0.1634528,0.18449079,0.1936872,0.16550688,0.16316083
899,ID64,smape,0.08895587,0.094572425,0.07192568,0.08850137,0.103559196,0.09546576,0.22716041,0.2780296
900,ID65,smape,0.012559451,0.012367076,0.010183072,0.013444437,0.027758632,0.030358396,0.03690846,0.036120176
901,ID66,smape,0.22368242,0.22088984,0.19801219,0.190986,0.18810977,0.19629261,0.24809209,0.31554285
902,ID67,smape,0.03708023,0.066706516,0.040003665,0.031291626,0.06867024,0.094165534,0.07932118,0.07981847
903,ID68,smape,0.026998756,0.034950227,0.025643382,0.024356341,0.049772836,0.05239957,0.058165323,0.03406105
904,ID69,smape,0.050389417,0.059870344,0.06545077,0.046902098,0.08367952,0.07816891,0.118115366,0.08521074
905,ID70,smape,0.045646194,0.038701635,0.052245647,0.0457396,0.036619775,0.034773584,0.06338998,0.0597439
906,ID71,smape,0.08888284,0.122256175,0.1301859,0.10233224,0.15493262,0.16055007,0.16670445,0.16295187
907,ID72,smape,0.07079518,0.08648213,0.08105112,0.106744185,0.13535428,0.12943594,0.123105116,0.060178533
908,ID73,smape,0.091151446,0.1445339,0.11235584,0.14685455,0.13431877,0.12353118,0.10745842,0.060467124
909,ID74,smape,0.06446116,0.028293429,0.042648043,0.033081837,0.033943474,0.03743356,0.018607708,0.056138705
910,ID75,smape,0.051032886,0.048137758,0.04129503,0.044051692,0.043271385,0.048543725,0.077382565,0.077145554
911,ID76,smape,0.032065134,0.03262561,0.033527702,0.02877299,0.046738744,0.05496432,0.051468767,0.05635386
912,ID77,smape,0.18010417,0.105494834,0.09308917,0.10079433,0.20573883,0.2150711,0.20453675,0.17595583
913,ID78,smape,0.03866685,0.043961048,0.04411548,0.04556641,0.0723494,0.088002846,0.050276227,0.053454883
914,ID79,smape,0.029997833,0.04635521,0.03559269,0.052407533,0.07282777,0.15845111,0.024061156,0.036325783
915,ID80,smape,0.0283148,0.042953763,0.034731343,0.045732696,0.057784483,0.10449983,0.037580375,0.041527666
916,ID81,smape,0.02700393,0.03215711,0.02950556,0.030448094,0.031848628,0.036134332,0.03360778,0.03101456
917,ID82,smape,0.07126747,0.05610405,0.055032924,0.06562081,0.05614998,0.04847405,0.023517646,0.042483043
918,ID83,smape,0.024305174,0.02828825,0.025959775,0.022398205,0.037833028,0.04044476,0.042646185,0.026035814
919,ID84,smape,0.022330174,0.022193566,0.02397196,0.02613229,0.0198208,0.022226918,0.055600174,0.04248248
920,ID85,smape,0.043773223,0.04311567,0.044921245,0.052026812,0.059629533,0.054421373,0.05776429,0.05114023
921,ID86,smape,0.04212583,0.09238492,0.09094161,0.060057536,0.12587826,0.12682591,0.17647712,0.05358043
922,ID87,smape,0.05987551,0.04658778,0.05128813,0.05395141,0.07638362,0.074470274,0.112493694,0.10632606
923,ID88,smape,0.061945923,0.03938124,0.050388712,0.047260333,0.0446827,0.04628257,0.07525131,0.06148185
924,ID89,smape,0.08293557,0.13883567,0.09921491,0.11301045,0.14540946,0.15332451,0.12211646,0.14225751
925,ID9,smape,0.11999746,0.2027281,0.18947017,0.18358332,0.21559766,0.22469105,0.0621749,0.094081715
926,ID90,smape,0.06365958,0.09660685,0.09039218,0.09403541,0.12792146,0.15139277,0.066706724,0.061979212
927,ID91,smape,0.11450042,0.118133835,0.11820181,0.13998765,0.14389275,0.16363643,0.07457923,0.05594949
928,ID92,smape,0.0841221,0.07374764,0.060907837,0.06989348,0.04763251,0.033262864,0.08098632,0.10638947
929,ID93,smape,0.04835781,0.044499293,0.044006452,0.04477557,0.039785787,0.041302275,0.0519197,0.04964885
930,ID94,smape,0.12983237,0.06834328,0.05700927,0.07444045,0.047617245,0.053305287,0.071170226,0.09946285
931,ID95,smape,0.07261227,0.0597717,0.05435585,0.06380864,0.043407205,0.041568972,0.06638962,0.103271775
932,ID96,smape,0.07037999,0.09471637,0.08097751,0.09652492,0.090316534,0.114307836,0.074311376,0.14545311
933,ID97,smape,0.023944918,0.01486492,0.026506277,0.02800698,0.018514564,0.03529257,0.12986727,0.22576185
934,ID98,smape,0.08912213,0.08861871,0.08845626,0.09047836,0.08667689,0.08468916,0.102309406,0.11671596
935,ID99,smape,0.03451157,0.050847802,0.044074085,0.038115673,0.050734892,0.05244471,0.04329761,0.053507484
